-- MySQL dump 10.16  Distrib 10.1.21-MariaDB, for Win32 (AMD64)
--
-- Host: localhost    Database: localhost
-- ------------------------------------------------------
-- Server version	10.1.21-MariaDB

/*!40101 SET @OLD_CHARACTER_SET_CLIENT=@@CHARACTER_SET_CLIENT */;
/*!40101 SET @OLD_CHARACTER_SET_RESULTS=@@CHARACTER_SET_RESULTS */;
/*!40101 SET @OLD_COLLATION_CONNECTION=@@COLLATION_CONNECTION */;
/*!40101 SET NAMES utf8 */;
/*!40103 SET @OLD_TIME_ZONE=@@TIME_ZONE */;
/*!40103 SET TIME_ZONE='+00:00' */;
/*!40014 SET @OLD_UNIQUE_CHECKS=@@UNIQUE_CHECKS, UNIQUE_CHECKS=0 */;
/*!40014 SET @OLD_FOREIGN_KEY_CHECKS=@@FOREIGN_KEY_CHECKS, FOREIGN_KEY_CHECKS=0 */;
/*!40101 SET @OLD_SQL_MODE=@@SQL_MODE, SQL_MODE='NO_AUTO_VALUE_ON_ZERO' */;
/*!40111 SET @OLD_SQL_NOTES=@@SQL_NOTES, SQL_NOTES=0 */;

--
-- Table structure for table `allsaldo`
--

DROP TABLE IF EXISTS `allsaldo`;
/*!40101 SET @saved_cs_client     = @@character_set_client */;
/*!40101 SET character_set_client = utf8 */;
CREATE TABLE `allsaldo` (
  `id` int(11) NOT NULL AUTO_INCREMENT,
  `tgl` date NOT NULL,
  `jenis_valas` varchar(10) NOT NULL,
  `saldo_valas` decimal(16,2) NOT NULL,
  `saldo_rupiah` decimal(16,2) NOT NULL,
  PRIMARY KEY (`id`)
) ENGINE=InnoDB AUTO_INCREMENT=163 DEFAULT CHARSET=latin1;
/*!40101 SET character_set_client = @saved_cs_client */;

--
-- Dumping data for table `allsaldo`
--

LOCK TABLES `allsaldo` WRITE;
/*!40000 ALTER TABLE `allsaldo` DISABLE KEYS */;
INSERT INTO `allsaldo` VALUES (1,'2017-06-16','USD',199971.00,2612329825.00),(2,'2017-06-16','AUD',6855.00,62574625.00),(3,'2017-06-16','BND',52568.00,500858200.00),(4,'2017-06-16','CAD',200.00,1738750.00),(5,'2017-06-16','CHF',40.00,542000.00),(6,'2017-06-16','DKK',2550.00,4807500.00),(7,'2017-06-16','DIRH',47710.00,170737375.00),(8,'2017-06-16','EURO',135.00,-2265250.00),(9,'2017-06-16','GBP',625.00,10194750.00),(10,'2017-06-16','HKD',99040.00,167459250.00),(11,'2017-06-16','JPY',460000.00,53647250.00),(12,'2017-06-16','MYR',1476602.00,4518035870.00),(13,'2017-06-16','NZD',20.00,187500.00),(14,'2017-06-16','NOK',3400.00,5270000.00),(15,'2017-06-16','NT',1000.00,48700.00),(16,'2017-06-16','PHP',104980.00,27776050.00),(17,'2017-06-16','SAR',482515.00,1692494160.00),(18,'2017-06-16','RUPE',586120.00,114522900.00),(19,'2017-06-16','SGD',16074.00,140267730.00),(20,'2017-06-16','THB',12420.00,2302040.00),(21,'2017-06-16','WON',7342000.00,83905050.00),(22,'2017-06-16','YUAN',27165.00,51920225.00),(23,'2017-06-16','DINAR',2.50,103750.00),(25,'2017-06-17','USD',215161.00,2814127225.00),(26,'2017-06-17','AUD',7005.00,64082125.00),(27,'2017-06-17','BND',53548.00,510179200.00),(28,'2017-06-17','CAD',200.00,1738750.00),(29,'2017-06-17','CHF',40.00,542000.00),(30,'2017-06-17','DKK',2550.00,4807500.00),(31,'2017-06-17','DIRH',48910.00,175027375.00),(32,'2017-06-17','EURO',145.00,-2117500.00),(33,'2017-06-17','GBP',625.00,10194750.00),(34,'2017-06-17','HKD',98140.00,165873750.00),(35,'2017-06-17','JPY',460000.00,53647250.00),(36,'2017-06-17','MYR',1487948.00,4552955380.00),(37,'2017-06-17','NZD',20.00,187500.00),(38,'2017-06-17','NOK',3800.00,5890000.00),(39,'2017-06-17','NT',2000.00,488700.00),(40,'2017-06-17','PHP',105380.00,27882050.00),(41,'2017-06-17','SAR',507896.00,1781911710.00),(42,'2017-06-17','RUPE',604620.00,118222900.00),(43,'2017-06-17','SGD',17484.00,153348230.00),(44,'2017-06-17','THB',10520.00,1526040.00),(45,'2017-06-17','WON',7796000.00,89212350.00),(46,'2017-06-17','YUAN',27385.00,52347025.00),(47,'2017-06-17','DINAR',2.50,103750.00),(48,'2017-06-18','USD',215161.00,2814127225.00),(49,'2017-06-18','AUD',7005.00,64082125.00),(50,'2017-06-18','BND',53548.00,510179200.00),(51,'2017-06-18','CAD',200.00,1738750.00),(52,'2017-06-18','CHF',40.00,542000.00),(53,'2017-06-18','DKK',2550.00,4807500.00),(54,'2017-06-18','DIRH',48910.00,175027375.00),(55,'2017-06-18','EURO',145.00,-2117500.00),(56,'2017-06-18','GBP',625.00,10194750.00),(57,'2017-06-18','HKD',98140.00,165873750.00),(58,'2017-06-18','JPY',460000.00,53647250.00),(59,'2017-06-18','MYR',1487948.00,4552955380.00),(60,'2017-06-18','NZD',20.00,187500.00),(61,'2017-06-18','NOK',3800.00,5890000.00),(62,'2017-06-18','NT',2000.00,488700.00),(63,'2017-06-18','PHP',105380.00,27882050.00),(64,'2017-06-18','SAR',507896.00,1781911710.00),(65,'2017-06-18','RUPE',604620.00,118222900.00),(66,'2017-06-18','SGD',17484.00,153348230.00),(67,'2017-06-18','THB',10520.00,1526040.00),(68,'2017-06-18','WON',7796000.00,89212350.00),(69,'2017-06-18','YUAN',27385.00,52347025.00),(70,'2017-06-18','DINAR',2.50,103750.00),(71,'2017-06-19','USD',239106.00,3130875475.00),(72,'2017-06-19','AUD',4325.00,36148125.00),(73,'2017-06-19','BND',52596.00,500949650.00),(74,'2017-06-19','CAD',200.00,1738750.00),(75,'2017-06-19','CHF',40.00,542000.00),(76,'2017-06-19','DKK',2550.00,4807500.00),(77,'2017-06-19','DIRH',48945.00,175152500.00),(78,'2017-06-19','EURO',305.00,246500.00),(79,'2017-06-19','GBP',125.00,1589750.00),(80,'2017-06-19','HKD',97490.00,164748000.00),(81,'2017-06-19','JPY',432000.00,50240250.00),(82,'2017-06-19','MYR',1497564.00,4581535490.00),(83,'2017-06-19','NZD',20.00,187500.00),(84,'2017-06-19','NOK',3800.00,5890000.00),(85,'2017-06-19','NT',10400.00,4180700.00),(86,'2017-06-19','PHP',98320.00,25930150.00),(87,'2017-06-19','SAR',547791.00,1921101460.00),(88,'2017-06-19','RUPE',604680.00,118234650.00),(89,'2017-06-19','SGD',26589.00,239008030.00),(90,'2017-06-19','THB',15520.00,3161040.00),(91,'2017-06-19','WON',9508000.00,109153650.00),(92,'2017-06-19','YUAN',27415.00,52405225.00),(93,'2017-06-19','DINAR',2.50,103750.00),(94,'2017-06-20','USD',254864.00,3337022600.00),(95,'2017-06-20','AUD',6895.00,61290875.00),(96,'2017-06-20','BND',53240.00,507081550.00),(97,'2017-06-20','CAD',0.00,-291250.00),(98,'2017-06-20','CHF',40.00,542000.00),(99,'2017-06-20','DKK',2650.00,4997500.00),(100,'2017-06-20','DIRH',50485.00,180619500.00),(101,'2017-06-20','EURO',665.00,5506125.00),(102,'2017-06-20','GBP',5.00,-463500.00),(103,'2017-06-20','HKD',98520.00,166411650.00),(104,'2017-06-20','JPY',462000.00,53810250.00),(105,'2017-06-20','MYR',1530408.00,4681750025.00),(106,'2017-06-20','NZD',20.00,187500.00),(107,'2017-06-20','NOK',4500.00,6975000.00),(108,'2017-06-20','NT',23000.00,9651900.00),(109,'2017-06-20','PHP',100940.00,26623950.00),(110,'2017-06-20','SAR',572571.00,2007945460.00),(111,'2017-06-20','RUPE',614680.00,120234650.00),(112,'2017-06-20','SGD',23244.00,205065180.00),(113,'2017-06-20','THB',68410.00,23224250.00),(114,'2017-06-20','WON',10563000.00,121703150.00),(115,'2017-06-20','YUAN',29065.00,55530025.00),(116,'2017-06-20','DINAR',2.50,103750.00),(117,'2017-06-21','USD',191658.00,2496899900.00),(118,'2017-06-21','AUD',2550.00,17117375.00),(119,'2017-06-21','BND',53252.00,507195100.00),(120,'2017-06-21','CAD',0.00,-291250.00),(121,'2017-06-21','CHF',40.00,542000.00),(122,'2017-06-21','DKK',2650.00,4997500.00),(123,'2017-06-21','DIRH',50095.00,179195000.00),(124,'2017-06-21','EURO',875.00,8275875.00),(125,'2017-06-21','GBP',85.00,849250.00),(126,'2017-06-21','HKD',93960.00,158508050.00),(127,'2017-06-21','JPY',0.00,-1629750.00),(128,'2017-06-21','MYR',1554397.00,4754848960.00),(129,'2017-06-21','NZD',20.00,187500.00),(130,'2017-06-21','NOK',4500.00,6975000.00),(131,'2017-06-21','NT',3200.00,842500.00),(132,'2017-06-21','PHP',100940.00,26623950.00),(133,'2017-06-21','SAR',611351.00,2143658710.00),(134,'2017-06-21','RUPE',598280.00,116871650.00),(135,'2017-06-21','SGD',23399.00,205887230.00),(136,'2017-06-21','THB',68450.00,23239250.00),(137,'2017-06-21','WON',11259000.00,129623250.00),(138,'2017-06-21','YUAN',18475.00,34602275.00),(139,'2017-06-21','DINAR',2.50,103750.00),(140,'2017-06-22','USD',179163.00,2329440850.00),(141,'2017-06-22','AUD',4030.00,30156875.00),(142,'2017-06-22','BND',53252.00,507195100.00),(143,'2017-06-22','CAD',0.00,-291250.00),(144,'2017-06-22','CHF',40.00,542000.00),(145,'2017-06-22','DKK',2650.00,4997500.00),(146,'2017-06-22','DIRH',53840.00,192468625.00),(147,'2017-06-22','EURO',920.00,8736375.00),(148,'2017-06-22','GBP',85.00,849250.00),(149,'2017-06-22','HKD',63230.00,105136000.00),(150,'2017-06-22','JPY',0.00,-1629750.00),(151,'2017-06-22','MYR',1554509.00,4754459540.00),(152,'2017-06-22','NZD',20.00,187500.00),(153,'2017-06-22','NOK',4500.00,6975000.00),(154,'2017-06-22','NT',3200.00,842500.00),(155,'2017-06-22','PHP',103440.00,27273950.00),(156,'2017-06-22','SAR',717901.00,2515596460.00),(157,'2017-06-22','RUPE',598280.00,116871650.00),(158,'2017-06-22','SGD',11966.00,93018730.00),(159,'2017-06-22','THB',49450.00,15665250.00),(160,'2017-06-22','WON',10676000.00,122627250.00),(161,'2017-06-22','YUAN',17875.00,32226275.00),(162,'2017-06-22','DINAR',2.50,103750.00);
/*!40000 ALTER TABLE `allsaldo` ENABLE KEYS */;
UNLOCK TABLES;

--
-- Table structure for table `customer`
--

DROP TABLE IF EXISTS `customer`;
/*!40101 SET @saved_cs_client     = @@character_set_client */;
/*!40101 SET character_set_client = utf8 */;
CREATE TABLE `customer` (
  `id` int(11) NOT NULL AUTO_INCREMENT,
  `ktp` varchar(25) NOT NULL,
  `nama` varchar(30) NOT NULL,
  `alamat` varchar(50) NOT NULL,
  `telepon` varchar(15) NOT NULL,
  `tgl_daftar` date NOT NULL,
  `karyawan` varchar(30) NOT NULL,
  PRIMARY KEY (`id`),
  KEY `ktp` (`ktp`),
  KEY `karyawan` (`karyawan`),
  CONSTRAINT `customer_ibfk_1` FOREIGN KEY (`karyawan`) REFERENCES `karyawan` (`nama`) ON UPDATE CASCADE
) ENGINE=InnoDB AUTO_INCREMENT=778 DEFAULT CHARSET=latin1;
/*!40101 SET character_set_client = @saved_cs_client */;

--
-- Dumping data for table `customer`
--

LOCK TABLES `customer` WRITE;
/*!40000 ALTER TABLE `customer` DISABLE KEYS */;
INSERT INTO `customer` VALUES (197,'3526011811590003','H.R. ANANTA','JL. LETNAN SINGOSASTRO II BANGKALAN','081320215826','2017-06-15','ardiansyah'),(198,'3578160106770003','MUSTAMIN','BULAK BANTENG LOR 2 / 101 SURABAYA','3545272','2017-06-15','ardiansyah'),(199,'3578122406740002','TOHIR','DAPUAN TEGAL 8 /55 SURABAYA','082331501762','2017-06-15','ardiansyah'),(200,'95101205972514','ABDUL HADI','JL PAPANGGO 012 / 003 JAKARTA UTARA','081290618824','2017-06-15','ardiansyah'),(201,'352507140668005','RIFA I','JL SEMARANG 128 SURABAYA','087730696499','2017-06-15','ardiansyah'),(202,'3526151207790003','JAMAL','DSN LAJING BARAT BANGKALAN','0','2017-06-15','ardiansyah'),(204,'3529241504840001','HADI SUYETNO','DSN. PONGGOAN 001/006 SUMENEP','081331001314','2017-06-15','ardiansyah'),(205,'801215372382','LILY LIANA','DS. PUCUNGLOR 001/003 TULUNG AGUNG','082337346696','2017-06-15','ardiansyah'),(206,'3578272107670001','MASYUDI','SIMO MULYO BARU 1A/23 SURABAYA','0','2017-06-15','ardiansyah'),(207,'3471130711690002','JAYADI','SDANGGRAHAN UH 1/549 YOGYAKARTA','081252314051','2017-06-15','ardiansyah'),(208,'3578152709800003','ABDUL HALIM','KEMAYORAN BUDIDAYAN 1/35 SURABAYA','087855773536','2017-06-15','ardiansyah'),(209,'760315141279','RIZA ASWARDY','KARAH IV/17 SURABAYA','081233774699','2017-06-15','ardiansyah'),(210,'3578162808630003','DUL JAELANI','SZAWAH PULO TENGAH 3/20 SURABAYA','0','2017-06-15','ardiansyah'),(211,'3578282408810001','SHOLEH','TAMBAK MAYOR UTARA 12 SURABAYA','0','2017-06-15','ardiansyah'),(212,'3578160910540001','MUHAMMAD','AMPEL SAWAHAN 1/20 SURABAYA','081353516619','2017-06-15','ardiansyah'),(213,'3515181011560007','SOELIMIN','BUNGURASIH GG 5A','0','2017-06-15','ardiansyah'),(214,'790815532816','A. FATHONI','KATURANGAN KRIAN SIDOARJO','0811332447761','2017-06-15','ardiansyah'),(215,'3507131512690001','ARIF P','ADI UTOMO 004/002 MALANG','081234544065','2017-06-15','ardiansyah'),(216,'3502160311640001','IMAM PUTRA G','PERUM KERTOSARI INDAH M-21 PONOROGO','082143079997','2017-06-15','ardiansyah'),(217,'3578160106720009','ANWAR','JATI SRONO 20 SURABAYA','081230998232','2017-06-15','ardiansyah'),(218,'3526110411710001','M. HASYIM R','DSN. BRUNGBUNG BANGKALAN','081937777770','2017-06-15','ardiansyah'),(219,'3578127006650108','HIKMAH','KALIMAS MADYA 1/51 SURABAYA','0','2017-06-15','ardiansyah'),(220,'3526133108830002','MUSTOMI','DSN. ANTATAR BANGKALAN','081216322067','2017-06-15','ardiansyah'),(221,'790515142183','A. ANDI S','SENCAKI 1/23 SURABAYA','0','2017-06-15','ardiansyah'),(222,'3578166104750001','DJUWARIYAH','SRENGGANAN 1/3A SURABAYA','08563349518','2017-06-15','ardiansyah'),(223,'3526046610890001','B. ALFI','KMP DERMAGA 001/001 BANGKALAN','0','2017-06-15','ardiansyah'),(224,'3578132809780001','MOH SIDDIK','DUPAK JAYA VI/33A SURABAYA','087852322952','2017-06-15','ardiansyah'),(225,'3578131308800003','NUR HAYATI','KEMAYORAN BARU 2/10 SURABAYA','0','2017-06-15','ardiansyah'),(226,'841215143839','HERI R','TAMBAK MAYOR UTARA 80 SURABAYA','0','2017-06-15','ardiansyah'),(227,'3578102110670006','MUKI','GUBENG MASJID 4/64 SURABAYA','0','2017-06-15','ardiansyah'),(228,'800514410960','NGATINO','MUTIHAN SONDAKAN ALWEYAN 003/012 SURAKARTA','082231114134','2017-06-15','ardiansyah'),(229,'3578167004860001','NAVILA BAWEDAN','AMPEL MADRASAH 15 SURABAYA','082170077777','2017-06-15','ardiansyah'),(230,'3578152304670003','AGUNG HASIHOLAN SS. SE','IKAN MUNGSING 7/26 SURABAYA','087853435337','2017-06-15','ardiansyah'),(231,'P 01','GEMBIRA','BLAURAN SURABAYA','0','2017-06-15','ardiansyah'),(232,'3515182202770009','NANANG KHARIS A','JOYOBOYO KAR C NO. 17 SIDOARJO','081335766556','2017-06-15','ardiansyah'),(233,'3578164609540001','SAKINA AL HASNI','NYAMPLUNGAN 6/41A SURABAYA','3530981','2017-06-15','ardiansyah'),(234,'3578122107820001','DULHALIK','PASAR BABAN 43 SURABAYA','082331780808','2017-06-15','ardiansyah'),(235,'3578171412650002','HARI','BULAK BANTENG BARU GG TERATAI 61 SURABAYA','087852944076','2017-06-15','ardiansyah'),(236,'871015140680','MOCH. SUNANG','RUSUN TANAH MERAH II A-4 SURABAYA','081703134679','2017-06-15','ardiansyah'),(237,'3578121004780001','HAYDAR ANIS BAREDWAN','KALIMAS MADYA 1/59-61 SURABAYA','0816534593','2017-06-15','ardiansyah'),(238,'3525180711880004','MIFTAHUL ALAM ','DSN GELAM TAMBAK GRESIK','085732777226','2017-06-15','ardiansyah'),(239,'3578176210740004','ULFA ALFIAH','SIDO MULYO 3-C/4 SURABAYA','08123251929','2017-06-15','ardiansyah'),(240,'910815500271','BADRUL KOMAR','KMP MORPENANG 002/003 BANGKALAN','0','2017-06-15','ardiansyah'),(241,'3513161206750001','ABD. SAMIK','DSN BAGO 009/003 PROBOLINGGO','085234226363','2017-06-15','ardiansyah'),(242,'3578150204710005','MOEGIONO','SAMBIARUM LOR II BLOK 54-B SURABAYA','081330401664','2017-06-15','ardiansyah'),(243,'3578096211580002','NURUL FAIZAH','MANYAR INDAH 6/5 SURABAYA','081331009910','2017-06-15','ardiansyah'),(244,'3526180107660390','SADELI','DSN. TENGGINAH 001/001 BANGKALAN','089961100666','2017-06-15','ardiansyah'),(245,'3578107012510005','KURNIA WARDHANI','KENJERAN 354-A SURABAYA','085100340978','2017-06-15','ardiansyah'),(246,'054695054695','ACHMAD BOB SAID','KETANG BESAR 22 SURABAYA','3521803','2017-06-15','ardiansyah'),(247,'3528082606930002','ARIK BUDIONO','JUWONO NGANJUK','08121700776','2017-06-15','ardiansyah'),(248,'054697054697','ARIF MARTAK','DINOYO 109 SURABAYA','5478840','2017-06-15','ardiansyah'),(249,'3525090608680001','SAMWIL','GOLOKAN 005/004 GRESIK','081216609999','2017-06-15','ardiansyah'),(250,'3510165604890003','DHITA FIRMANI','IKAN TAWES 15 002/005 BANYUWANGI','082230306555','2017-06-15','ardiansyah'),(251,'3578082104860004','ARIS','SEMARANG 141 SURABAYA','5453525','2017-06-15','ardiansyah'),(252,'3518201807790002','JUMADI','DUSUN SONG SONG 012/002 NGANJUK','081357854224','2017-06-15','ardiansyah'),(253,'3578241103710001','ADITYA CHRISTOMO HARICANDANA','GRAHA ASRI SUKODONO BLOK AN-11 SURABAYA','0818035525','2017-06-15','ardiansyah'),(254,'640615530822','ISMUN CHOIRI','DURUNGBEDUG 015/003 CANDI SIDOARJO','085104849099','2017-06-15','ardiansyah'),(255,'3578262912412760001','AHMAD HASAN ASYARI','KALIJUDAN 12/46 SURABAYA','5910690','2017-06-15','ardiansyah'),(256,'3528050107920277','HERMAN','DSN MORSOKON PAMEKASAN','081212990385','2017-06-15','ardiansyah'),(257,'P 02','LIDYA KATARINA','SURABAYA','0','2017-06-15','ardiansyah'),(258,'3578111612560002','GUNARTO RAHARJO','KAPASARI PEDUKUHAN 7/15 SURABAYA','0818322199','2017-06-15','ardiansyah'),(259,'3526042604770002','H. IBRAHIM','KMP. KEJAWAN 008/001 BANGKALAN','08123075308','2017-06-15','ardiansyah'),(260,'','','','','2017-06-16','noorsemangat'),(261,'','','','','2017-06-16','noorsemangat'),(262,'3578094910920001','SARAH','MANYAR TIRTO ASRI 1 / 16 SURABAYA','081703703392','2017-06-16','noorsemangat'),(263,'3578101406930003','MICHAEL','KARANG EMPAT BESAR NO 6 SURABAYA','081330266339','2017-06-16','noorsemangat'),(264,'850215143446','FAWAIB','TEMPEL SUKOREJO 3 / 11 SURABAYA','0818303095','2017-06-16','noorsemangat'),(265,'80215330793','HERDA GUNAWAN','DSN KRAJAN BANYUWANGI','087819574499','2017-06-16','noorsemangat'),(266,'35161411088840002','GILANG AGUS','DSN NGARES MOJOKERJO','3554789','2017-06-16','noorsemangat'),(267,'3575062403620008','NUR RAHMAD','NGABAN RT/RW 04/02 SIDOARJO','081830950','2017-06-16','noorsemangat'),(268,'3526175800530001','NINGEN WONG HENDRA','KMP BRUMBUNG BANGKALAN','0','2017-06-16','noorsemangat'),(269,'3578063103720008','SYARIEF OMAR ABDULLAH','BANYU URIP KIDUL 10 A / 8 SURABAYA','081330557616','2017-06-16','noorsemangat'),(270,'3578311205810001','ABDUL LATIF','TAMAN INTERNASIONAL B1/32 SURABAYA','081330664714','2017-06-16','noorsemangat'),(271,'054718054718','LIDIA','RUNGKUT SURABAYA','0','2017-06-16','noorsemangat'),(272,'357101406930003','MICHEL','KARANG EMPAT BESAR 6 SURABAYA','08130266339','2017-06-16','noorsemangat'),(273,'3516141108840002','GILANG AGUS','DSN NGERES MOJOKERTO','3554789','2017-06-16','noorsemangat'),(274,'054717054717','LIDIA','RUNGKUT SURABAYA','0','2017-06-16','noorsemangat'),(275,'701015141394','OCTAVIANUS','TEMBOK DUKUH 4/10 SURABAYA','082131988627','2017-06-16','noorsemangat'),(276,'786515145044','HEIDY LAURA','LIDAH KULON 1 SURABAYA','081555410168','2017-06-16','noorsemangat'),(277,'3578112311880004','ACHMAD ZAJARIAH','KAPAS KRAMPUNG NO 1-F SURABAYA','082139275234','2017-06-16','noorsemangat'),(278,'3515084509860009','ROHMANIA','KERTOPATEN 1 / 11-B SURABAYA','085105292121','2017-06-16','noorsemangat'),(279,'357812231050001','HALIM GUNAJAYA','PANGGUNG 3/6 SURABAYA','0','2017-06-16','noorsemangat'),(280,'3578161001770005','ISMAIL','HANGTUAH 7/6 SURABAYA','0','2017-06-16','noorsemangat'),(281,'3578121606650001','SAMILAN','KALIMAS UDIK 3/67 SURABAYA','3577102','2017-06-16','noorsemangat'),(282,'3525183009910002','SALEHIN','DSN GUNUNG GRESIK','0','2017-06-16','noorsemangat'),(283,'670815142098','SUWITO','CIPUNEGARA 26 SURABAYA','0','2017-06-16','noorsemangat'),(284,'3578310410630001','SUNARDI','SAMBIROGO 6/R 26 SURABAYA','082112782652','2017-06-16','noorsemangat'),(285,'3578160107820019','MESRANI','PRABOWO 33 SURABAYA','081364440889','2017-06-16','noorsemangat'),(286,'241615241615','BANG RIYAD','SURABAYA','0','2017-06-16','noorsemangat'),(287,'3510141706640007','HUSNI','DSN GUMUKSARI 02/01 BANYUWANGI','082143147078','2017-06-16','noorsemangat'),(288,'3578151104900002','m fauzi','gresik ppi buntu 23 surabaya','0','2017-06-16','noorsemangat'),(289,'3526121205560002','MUHAMMAD SOLEH','DSN JARAT LANCANG BANGKALAN','085331046129','2017-06-16','noorsemangat'),(290,'3578162006620008','ACHMAD ALDJUFRI','SUKODONO 3 /46-48 SURABAYA','0822333322614','2017-06-16','noorsemangat'),(291,'3525180603720016','FALEHON','DSN TAMBAK TENGAH GRESIK','0','2017-06-16','noorsemangat'),(292,'3578120201940001','AZZAH','TELUK KUMAI BRT 143 SURABAYA','0','2017-06-16','noorsemangat'),(293,'3526015611920008','WIDYA DEWI','JL KH HASYIM ASYARI 1/ 22A BANGKALAN','082233903333','2017-06-16','noorsemangat'),(294,'3578072302700003','DEDY RIANDY','GROGOL KAUMAN 1/16 SURABAYA','082234324258','2017-06-16','noorsemangat'),(295,'3526042406740002','TOHIR','JL BASIS AL 10 BANGKALAN','082331501762','2017-06-16','noorsemangat'),(296,'3527044208920003','SUPRIYAH','JL NURI 04/02 SAMPANG','087850631554','2017-06-16','noorsemangat'),(297,'3514100612580001','MUTADI','DSN JAGIL 03/10 PASURUAN','081233108017','2017-06-16','noorsemangat'),(298,'3578170904850001','SUKIYAT','PLATUK DONOMULYO UTARA 1A/65 SURABAYA','081333550959','2017-06-16','noorsemangat'),(299,'3578150709740005','WELLEM','KREMBANGAN JAYA SELTN 5/15 SURABAYA','081330259494','2017-06-16','noorsemangat'),(300,'3526181709820003','M MAHRUS','DK BULAK BANTENG BT SEKOLAHAN 4/24 SURABAYA','082232497989','2017-06-16','noorsemangat'),(301,'3578085510830005','NUR HODIPAH','JOJORAN STAL 12 B SURABAYA','0','2017-06-16','noorsemangat'),(302,'3578125612810002','SAMIYAH','PERUM DUKUH PERMAI RESIDENCE B-12 JAKTIM','0818373416','2017-06-16','noorsemangat'),(303,'890815143533','NURROIYAH','JATIPURWO 5/34 SURABAYA','082257507956','2017-06-16','noorsemangat'),(304,'3578127101570001','DENNY DUDJI','TELUK BAYUR 60 SURABAYA','081808131804','2017-06-16','noorsemangat'),(305,'3578164408680003','MUHAMMAD','AMPEL SAWAHAN 1/20 SURABAYA','0','2017-06-16','noorsemangat'),(306,'881215603667','MUSTOFA','DSN KARANG SAMBI 04/07 PROBOLINGGO','0','2017-06-16','noorsemangat'),(307,'3578280603820003','RIFAI','TMBK MAYOR MADYA 2/32 SURABAYA','0','2017-06-16','noorsemangat'),(308,'241646241646','LIEM SIAU MING','TERUSAN WIJAYA KUSUMA 30 SURABAYA','081217239115','2017-06-16','noorsemangat'),(309,'840415149527','ABD MUID','BENTENG DALAM 1/39 SURABAYA','082141112059','2017-06-16','noorsemangat'),(310,'357812700986006','SOFIYAH','KALIMAS UDIK 2/29 SURABAYA','081219532225','2017-06-16','noorsemangat'),(311,'3578127009860006','SOFIYAH','KALIMAS UDIK 2/29 SURABAYA','0','2017-06-16','noorsemangat'),(312,'3526046308650008','YUNAIDAH','KMP DEMANGAN 02/04 BANGKALAN','0','2017-06-16','noorsemangat'),(313,'750415510166','ABDUL MUJIB','DS PAMOLAAN SAMPANG','081234897771','2017-06-16','noorsemangat'),(314,'3524142706680001','ashim','sendang agung 04/04 lamongan ','0','2017-06-17','noorsemangat'),(315,'351414020260003','abdullah b achmad sjawe','jl tengiri 402-a bangil pasuruan','0','2017-06-17','noorsemangat'),(316,'3578121406680004','jumaidi sapalas','perum oasis village a2/2 sidoarjo','0','2017-06-17','noorsemangat'),(317,'DY 1074641','SAID','SIMOHILIR 7K/21 SURABAYA','087852565852','2017-06-17','noorsemangat'),(318,'3578231802550001','SAMIYUN','KEBONSARI 3/7A SURABYA','081332808282','2017-06-17','noorsemangat'),(319,'3522121810560001','H.AULY','MELIWIS 526 BOJONEGORO','08123429357','2017-06-17','noorsemangat'),(320,'C 0105121','PINTO GUTERES','TIMOR LESTE','0','2017-06-17','noorsemangat'),(321,'3522120604860005','DENA','JL RAYA NO 466 BOJONEGORO','08123289005','2017-06-17','noorsemangat'),(322,'3578081808880003','M HALIM','PUCANG ARJO 8/4 SURABAYA','0','2017-06-17','noorsemangat'),(323,'1514170206363','MUH HAMID','JL LAKARSANTRI NO 77 SURABAYA','082257086464','2017-06-17','noorsemangat'),(324,'357813050550001','EDDY SUTANTO','JL KALI BUTUH NO 77 SURABAYA','031-5321177','2017-06-17','noorsemangat'),(325,'241667241667','FACHRUDIN BASALAMAH','JL JOHOR NO 35 SURABAYA','0818330393','2017-06-17','noorsemangat'),(326,'3515150509950001','HIMYAR','JENGGOLO ASRI BLOK N-11 SIDOARJO','083831142455','2017-06-17','noorsemangat'),(327,'3515136506940001','FAJAR PRATAMA','KRAMAT JEGU 01/R6 SIDOARJO','085730747456','2017-06-17','noorsemangat'),(328,'660314140380','MUKH ZUBAIDI','KEC.KOBER GG NANAS 07/04 BANYUMAS','081316407528','2017-06-17','noorsemangat'),(329,'3527082303940002','ANSORI','DSN JUNGKARAN SAMARAN 04/01 SAMPANG','083144464539','2017-06-17','noorsemangat'),(330,'3524020511890001','HERI P','POGOT 9/3 SURABAYA','083114580086','2017-06-17','noorsemangat'),(331,'3578086706570002','ENI ERNIAWATI','PUCANG ADI 63 SURABAYA','5027060','2017-06-17','noorsemangat'),(332,'3578126906810001','SRI ISWATI','KEBALEN KULON 4/26 SURABAYA','0','2017-06-17','noorsemangat'),(333,'A 1591481','AMIR HAMZAH','DSN MBUNGUR PAMEKASAN','081331303151','2017-06-17','noorsemangat'),(334,'3578122808670001','HODALI ','KEBALEN KULON 1 SURABAYA','081703291008','2017-06-17','noorsemangat'),(335,'3578070802750002','M HOLIL ','KLIMBUNGAN 2/10 SURABAYA','0','2017-06-17','noorsemangat'),(336,'3525180410870003','IHYA ULUMUDDIN','DSN GELAM UTARA GRESIK','0','2017-06-17','noorsemangat'),(337,'3578052104750002','MANHURI','DINOYO UTARA GADEN 03/08  SURABAYA','08121606779','2017-06-17','ardiansyah'),(338,'3578120807710001','SAMSUDIN','SEMUT KALIMIR2/7 SURABAYAA','082234972206','2017-06-17','ardiansyah'),(339,'3578163006540201','H NADARI','SAWAHPULO DKA 3/19 SURABAYA','0','2017-06-17','ardiansyah'),(340,'3578164707710004','halimatus sakdiyah','wonosari wetan 2a/31 surabaya','37303259','2017-06-17','ardiansyah'),(341,'3578125207770007','nina amalia','KALIMAS HILIR 1A/34 SURABAYA','082257216597','2017-06-17','ardiansyah'),(342,'3525181702690001','SUHROWARDI','DSN GELAM UTARA 02/01 GRESIK','0','2017-06-17','ardiansyah'),(343,'710615145659','BASIR','JATI PURWO 6/6  SURABAYA','0','2017-06-17','ardiansyah'),(344,'3578100508950006','ARGA BAYU P.','SETRO BARU UTARA 5/53  SURABAYA','081232951665','2017-06-17','ardiansyah'),(345,'3524221905590001','SAYYID HUSEIN AL HADDAD','SUNAN DRAJAT 141  LAMONGAN','08123117133','2017-06-17','ardiansyah'),(346,'3578151907480001','TAN JEFFRY','GRESIK PPI 7/15-A  SURABAYA','0','2017-06-17','ardiansyah'),(347,'3578283006790031','BUSIRI','TAMBAK DALAM BARU 1-A/11  SURABAYA','081703942089','2017-06-17','ardiansyah'),(348,'3578101504570009','SUROSO','BRONGGALAN SAWAH 4-F/57  SURABAYA','0','2017-06-17','ardiansyah'),(349,'3578226607840002','NYOMAN','TELUK TOMINI 19-A  SURABAYA','08123096470','2017-06-17','ardiansyah'),(350,'M01','H.IKHSAN','SELOMPRETAN 04  SURABAYA','0','2017-06-17','ardiansyah'),(351,'3578121302510001','SAGARA KOESSAMI','kembang jepun 1 surabaya','3525022','2017-06-17','ardiansyah'),(352,'','','','','2017-06-17','ardiansyah'),(353,'3526116912700003','MURA','KMP.GUNDAL  BANGKALAN','0','2017-06-17','ardiansyah'),(354,'670315143151','PONADI','DK.BUNGKAL 03/03  SURABAYA ','081223334012','2017-06-17','ardiansyah'),(355,'3578131403750003','MOH.HARI SURI','TEMBOK DUKUH X/31  SURABAYA','087849463334','2017-06-17','ardiansyah'),(356,'600415140752','HERAWATI WIDJAJA','SIDOYOSO 1/31 SBY','089606060488','2017-06-17','ardiansyah'),(357,'3578103006740004','YAKIN','KARANGGAYAM KUBURAN 10  SURABAYA','085866547771','2017-06-17','ardiansyah'),(358,'3578102305620001','HADI SUKAMTO','TAMBAK SEGARAN WETAN NO. 90 SBY','0','2017-06-17','ardiansyah'),(359,'M02','PERMATA SAMUDERA','PANGGUNG 34 SURABAYA','0','2017-06-17','ardiansyah'),(360,'35781450054470001','TJOA YOK TING','MANUKAN LOR 3K/3 SBY','74055558','2017-06-17','ardiansyah'),(361,'3578151311720001','H.MARGO','TAMBAK ASRI WIJAYA KUSUMA 3  SURABAYA','081703253545','2017-06-17','ardiansyah'),(362,'3515161211540002','WAKIDI','KEBONSIKEP 007/001 SDA','0','2017-06-17','ardiansyah'),(363,'3578124505720001','SITI NORHASANA','KEMBANG JEPUN 2/1-C  SURABAYA','0','2017-06-17','ardiansyah'),(364,'3578162105810001','MOH.ZAHRI','JATI PURWO 1/7  SURABAYA','0','2017-06-17','ardiansyah'),(365,'3501125506660003','KATINI','DSN.BUBAKAN 02/07  PACITAN ','087853370466','2017-06-17','ardiansyah'),(366,'3526122407800002','NASIR','DSN.SUMBER 01/01  BANGKALAN','085731374448','2017-06-17','ardiansyah'),(367,'3578156010680004','IDAYATI','MORO KREMBANGAN 1-E/45  SURABAYA','087855887948','2017-06-17','ardiansyah'),(368,'3578173006580126','B.IMA','BULAK BANTENG 12  SURABAYA','0','2017-06-17','ardiansyah'),(369,'3515071003540002','M.AFANDI','GRIYA PERMATA HIJAU P-25  SIDOARJO','081270002226','2017-06-17','ardiansyah'),(370,'630515140420','A.TAUFIK','MANUKAN TAMA 207 21-K/31  SURABAYA','085645999207','2017-06-17','ardiansyah'),(371,'3526100805890002','muzakki','dsn kayu abu bangkalan','085732173668','2017-06-17','ardiansyah'),(372,'3527081210760003','alpawi','DSN PAKSEN SAMPANG','0','2017-06-17','ardiansyah'),(373,'Z 039050051','SAGAF ALHASNI','AUSTRALIA','0','2017-06-17','ardiansyah'),(374,'3578164210920001','RADHIAH','PETUKANGAN 1X/12','085232568248','2017-06-17','ardiansyah'),(375,'3578176202660001','ALIF FERDIANA','TANAH MERAH INDAH 2/3 SURABAYA','087855883228','2017-06-17','ardiansyah'),(376,'357806440980001','SANIYAH','BANYU URIP KIDUL 2/29 SURABAYA','0','2017-06-17','ardiansyah'),(377,'3578064409800001','SANIYAH','BANYU URIP KIDUL 2/29 SBY','0','2017-06-17','ardiansyah'),(378,'3507241612680003','JONG BUDI S.','RAYA KARANG LO 192  SURABAYA','0','2017-06-17','ardiansyah'),(379,'3515081605740009','MUSTOFA AL BATARI','P.SIDOKARE INDAH A02 SIDOARJO','087853134035','2017-06-18','noorsemangat'),(380,'3515130101770018','MAHRUP ','TIRA WAGE RESIDENCE NO-17 SIDOARJO ','08123002398','2017-06-18','noorsemangat'),(381,'711215143220','SAMSUL ARIFIN','DEMAK JAYA 3/61 SURABAYA','081231444055','2017-06-18','noorsemangat'),(382,'3578090803860004','NIZAR FAQIH','SEMOLO WARU ELOK BLOK G/34-35 SURABAYA','081249444247','2017-06-18','noorsemangat'),(383,'357816180675000','MOH NURUL HIDAYAT','SAWAH PULO SR 3/16-B SURABAYA','085101883811','2017-06-18','noorsemangat'),(384,'651115140303','SLAMET ADMOJO','SIMO MAGHEREJO 14/12 SURABAYA','082225651127','2017-06-18','noorsemangat'),(385,'1256243006680092','H.MAS\'UD','JATISRONO TIMUR 1/8 SURABAYA','08221774251','2017-06-18','noorsemangat'),(386,'3578160210690002','FATHUROZI','RANDU TIMUR 2/20 SURABAYA','082139850411','2017-06-18','noorsemangat'),(387,'3526010112750009','HANAFI','CENDRAWASIH 06/09 BANGKALAN','082333027044','2017-06-18','noorsemangat'),(388,'352604050482000','FAYUMI UMAMAH','KMP KEJAWAN 09/01 BANGKALAN','71725308','2017-06-18','noorsemangat'),(389,'3314107112720003','SUHARTI','KARANGASEM 02/05 SRAGEN','081331186699','2017-06-18','noorsemangat'),(390,'3578123006330084','ALI MAS;UD','KETAPANG 3/59 SURABAYA','0817305759','2017-06-18','noorsemangat'),(391,'3527032809860003','AHMAD','JL DIPONEGORO 01/01 SAMPANG ','0818522990','2017-06-18','noorsemangat'),(392,'3578151704770002','M.MUNIF','KREMBANGAN JAYA SELATAN 5/5 SURABAYA','0','2017-06-18','noorsemangat'),(393,'3578161101900003','KAMALUL IRFAN','HANGTUAH 7/43','083854929321','2017-06-18','noorsemangat'),(394,'3578282110730001','H.M CHOIRON','ROWO 3/4 SURABAYA','08999620620','2017-06-18','noorsemangat'),(395,'3578164803740002','SA\'DIYAH','SAWAHPULO SR 1/6 SURABAYA','0','2017-06-18','noorsemangat'),(396,'5108061111660008','SAMSUL ARIFIN','JL PATTIMURA 32 BELELENG','081338944442','2017-06-18','noorsemangat'),(397,'581215510148','M DIDIN','DSN GUNUNG SALEH SAMPANG','0','2017-06-18','noorsemangat'),(398,'3515185808690013','ROKAYYAH','KIRIMAN DALAM MASJID 8/17 SIDOARJO','081938222247','2017-06-18','noorsemangat'),(399,'A 4896957','HODIJAH','DS KWANYAR BANGKALAN','0','2017-06-18','noorsemangat'),(400,'A 0540219','ZAINAL ARIFIN','SIDONIPAH 6/8 SURABAYA','0','2017-06-18','noorsemangat'),(401,'601015140080','SAHERONI','JATISRONO 28 SURABAYA','0','2017-06-18','noorsemangat'),(402,'730115141332','MOHANDIS','NYAMPLUNGAN 1/34 SURABAYA','081340271477','2017-06-18','noorsemangat'),(403,'3526032102900001','NASHIR ABIDIN','DSN PANGOLANGAN BANGKALAN','087852597818','2017-06-18','noorsemangat'),(404,'820315146979','ANI TRI WIDYAYANTI','MEDAYU UTARA 5/37 SURABAYA','081249468425','2017-06-18','noorsemangat'),(405,'3578160708660001','A MUZAKKI ','PETUKANGAN TGH 10 SURABAYA','082189344648','2017-06-18','noorsemangat'),(406,'3515182108820001','FAISAL HASANUDIN','JL LET JEND SUTOYO 43 SIDOARJO','081703704759','2017-06-18','noorsemangat'),(407,'3529015601630001','B,YANI','JL DR CIPTO 21A SUMENEP','0328664081','2017-06-18','noorsemangat'),(408,'3578063006560070','TAUFIK','JL JARAK 108 SURABYA','08123590904','2017-06-18','noorsemangat'),(409,'3578081203910001','RAMADHANI','KALIDAMI 7/8 SURABAYA','081334186100','2017-06-18','noorsemangat'),(410,'800415500625','SUGIANTO','KMP KEJAWAN 13 BANGKALAN','0','2017-06-18','noorsemangat'),(411,'3578162910770001','FAHMI ALAMUDI','NYAMPLUNGAN 6/75 SURABAYA','085100095276','2017-06-18','noorsemangat'),(412,'770615141674','FARIDAH','DANAKARYA 1/1 SURABAYA','0','2017-06-18','noorsemangat'),(413,'760918151348','ahmad subairi','r belda gg kanya IV no banjarmasin','085736597213','2017-06-19','noorsemangat'),(414,'3578055405900001','NADIA AINI','TRUNOJOYO 71 SURABAYA','0','2017-06-19','noorsemangat'),(415,'352702060189','FAUSI','DSN BEREELAH SAMPANG','0','2017-06-19','noorsemangat'),(416,'1514160609765','SUBU','TELUK NIBUNG TIMUR 4/38 SURABAYA','0','2017-06-19','noorsemangat'),(417,'3526110701830003','ABD GHOFAR','BULAK BANTENG MADYA 5/18 SURABAYA','0','2017-06-19','noorsemangat'),(418,'3578160912740005','MUHAMMAD SOLEH','HANGTUAH 5/9 SURABAYA','081334535800','2017-06-19','noorsemangat'),(419,'3510050503790002','PUJIONO','DSN KRAJAN 05/04 BANYUWANGI','0','2017-06-19','noorsemangat'),(420,'357801060877003','AGUS RIYANTO','GRIYA KEBRAON BARAT IX-22 SURABAYA','0','2017-06-19','noorsemangat'),(421,'3524126205690001','SUJIATIN','SUPENUH 02/02 LAMONGAN','08121794650','2017-06-19','noorsemangat'),(422,'720115140287','ACHMAD DJASULI','KREMBANGAN BAKTI 13/39 SURABAYA','0','2017-06-19','noorsemangat'),(423,'3527052410920003','FAHMI ASSEGAF','DSN DIYAAN SAMPANG ','087850597160','2017-06-19','noorsemangat'),(424,'3527050107411059','SADIMU','DSN MORANG SAMPANG','0','2017-06-19','noorsemangat'),(425,'3578123006680072','H.NUR','TELUK BONE BARU BUNTU 5 SURABAYA','0817583133','2017-06-19','noorsemangat'),(426,'AP 847825','ABD SALAM','PERUM GRIYA AB-7 SIDOARJO','081268165358','2017-06-19','noorsemangat'),(427,'3527031808860009','AGUS DIYANTO','JL MERAPI 2 SAMPANG','087850949535','2017-06-19','noorsemangat'),(428,'3578160411980002','ABD KADIR ','KETAPANG BESAR 41 SURABAYA','0','2017-06-19','noorsemangat'),(429,'3526040504820003','FAYUMI UMAMAH ','KMP KEJAWAN 09/01 BANGKALAN','71725308','2017-06-19','noorsemangat'),(430,'721015143160','H MARGO','TAMBAK ASRI WIJAYA KUSUMA 3 SURABAYA','081703253545','2017-06-19','noorsemangat'),(431,'800515145261','SURAJI','SIMO JAWAR 7B-1/13 SURABAYA','083831966645','2017-06-19','noorsemangat'),(432,'3578010101830011','SUMIRAN','KEMLATEN GG 7 NO 37 SURABAYA','081231598109','2017-06-19','noorsemangat'),(433,'3578121302519991','SAGARA KOESAMI','KEMBANG JEPUN 1 SURABAYA','3525022','2017-06-19','noorsemangat'),(434,'3578092006680004','SUWARNO','KLAMPIS NGASEM 5-D SURABYA','0811315788','2017-06-19','noorsemangat'),(435,'351516420970002','MELYNDA','JL A YANI 53 SIDOARJO','08155129777','2017-06-19','noorsemangat'),(436,'3578164301690005','ENDANG','GRAHA MITRA C/9 SURABAYA','08113380072','2017-06-19','noorsemangat'),(437,'3513044212790004','ETI HANDAYANI','CENDRAWASIH 7 MALANG','081230076168','2017-06-19','noorsemangat'),(438,'3578050610610001','NANANG','KEDUNGSARI 80 SURABAYA','031-5324659','2017-06-19','noorsemangat'),(439,'3578046812690001','WAHIDAWATI','KETINTANG 4/12 SURABAYA','082140804733','2017-06-19','noorsemangat'),(440,'054736054736','KH SOFWAN','SURABAYA','0','2017-06-19','noorsemangat'),(441,'3578251506140001','EDD','RUNGKUT HARAPAN D/2A SURABAYA','08121990949','2017-06-19','noorsemangat'),(442,'86011500083','SUSANTO','BINTENG DS BAIPAJUNG BANGKALAN','0','2017-06-19','noorsemangat'),(443,'3578222709680001','SUWANTO','KETINTANG TIMUR SURABAYA','0818391405','2017-06-19','noorsemangat'),(444,'920315320373','CATERINE','JL KACA PIRING 3 NO 1E JEMBER','089671651731','2017-06-19','noorsemangat'),(445,'054743054743','CANDRA','TENGGUMUNG JARYA 1/19 SBY','0','2017-06-19','noorsemangat'),(446,'A 8526130','MIRNA','MALANG','0','2017-06-19','noorsemangat'),(447,'3524001706790006','BADRUZAMAN','PERUM PRMTA SAFIRA C-1 NO 4 SURABAYA','081233891952','2017-06-19','noorsemangat'),(448,'3578171403830013','ROCHIM','BLK BANTENG WTN 12/41 SURABAY','083831773306','2017-06-19','noorsemangat'),(449,'540815140911','SUSANTO HALIM ','DONOREJO 60 SURABAYA','087826915999','2017-06-19','noorsemangat'),(450,'3578101304650002','HARIYANTO','SETRO BARU 9/11 SURABAYA','3559011','2017-06-19','noorsemangat'),(451,'352407311270003','HASAN FAUZI','KOMPLEK MASJID AT TAQWA LAMONGAN','081216604406','2017-06-19','noorsemangat'),(452,'054739054739','M ROSUL','WADUNG ASRI 133 SURABAYA','0','2017-06-19','noorsemangat'),(453,'3578120810960003','AMINULLAH','KALIMAS BR 3 LEBAR TGH 29 SBY','087703131927','2017-06-19','noorsemangat'),(454,'601215142021','MATTARI','KALIBUTUH 1/10 SURABAY','0','2017-06-19','noorsemangat'),(455,'660215142123','EDY SUTOPO','TERONG 39 SURABAYA','0','2017-06-19','noorsemangat'),(456,'3526125307860001','YUYUN','DSN JARAT LANJANG BANGKALAN','085230501746','2017-06-19','noorsemangat'),(457,'3578131906460002','ACH BAIDOWI','JEPARA IV/31 SURABAYA','0','2017-06-19','noorsemangat'),(458,'3578122303880003','NANANG','KEBALEN WTN 6/14 SURABAYA','081231818998','2017-06-19','noorsemangat'),(459,'640415161167','SOCHID','KALIMAS HILIR 1A/22 SURABAYA','081333262914','2017-06-19','noorsemangat'),(460,'740215530853','ISMAIL','TENGGULUNAN CANDI 07/02 SIDOARJO','0','2017-06-19','noorsemangat'),(461,'35781606720005','ANWAR','JATISRONO 20 SURABAYA','081230998232','2017-06-19','noorsemangat'),(462,'3578155004740007','MAMIK','KREMBANGAN BAKTI /5-A SBY','085645943227','2017-06-19','noorsemangat'),(463,'3525164707810123','MASUDAH','KMP KARANG KEMASAN 02/01 BANGKALAN','082331617089','2017-06-19','noorsemangat'),(464,'3578162906740005','SYAIFUL','JATIPURWO 7/5 SURABAYA','0818523511','2017-06-19','noorsemangat'),(465,'3578092905870001','ROWI','KLAMPIS NGASEM 3/45 SBY','0','2017-06-19','noorsemangat'),(466,'3578126405600001','IVA','JOHOR 42 SBY','081703892399','2017-06-19','noorsemangat'),(467,'3578050105640003','HAMID KUNTO','DINOYO TANGSI 1/12 SBY','0','2017-06-19','noorsemangat'),(468,'3578115001610002','JOENIATI','KAPASARI PEDUKUHAN BEI 20 SBY','081234619150','2017-06-19','noorsemangat'),(469,'3515080211560002','M NOER RIDLO','JETIS 1/58 SIDOARJO','085852375999','2017-06-19','noorsemangat'),(470,'3578201606640001','SAGI','GRAHA SUNAN AMPEL B-12 SBY','0','2017-06-19','noorsemangat'),(471,'3578064401610004','DWI NORHAYATI','PAKIS 3/17 SBY','0','2017-06-19','noorsemangat'),(472,'242833242833','ARIFIN SAIBOO','PANGGUNG 58 SBY','0','2017-06-19','noorsemangat'),(473,'3578160505780001','ALI KUDUSI','WONOKUSUMO 4/34 SBY','082236664088','2017-06-19','noorsemangat'),(474,'3374065412710009','pipit wulandari','perum bangunjiwo 008 bantul','088806030329','2017-06-19','noorsemangat'),(475,'3514101207760001','YUSON','GG MASJID 54 TRETES PASURUAN','0343-7760337','2017-06-19','noorsemangat'),(476,'870815143787','ALI MUCHTAR','TENGGUMUNG WETAN 14 SBY','0','2017-06-19','noorsemangat'),(477,'3527050506700008','SURAH','KRUKUK PANGTENGAH SAMPANG','0','2017-06-19','noorsemangat'),(478,'3578156305780002','JOICE','PERUM GRAHA KENCANA A 8 SBY','0','2017-06-19','noorsemangat'),(479,'3578163006690104','M TOHIR','DSN MORAH BANGKALAN','0','2017-06-19','noorsemangat'),(480,'3276067007840011','EN PURWANTI','H MUSTOFA 06/04 JABAR','0','2017-06-19','noorsemangat'),(481,'A 7597160','FATIMATUL KARIMAH','PECANTINGAN 31 SIDOARJO','0','2017-06-19','noorsemangat'),(482,'3524266610920003','NOVIATUS S','KARANG TURI 01/01 LAMONGAN','0','2017-06-19','noorsemangat'),(483,'840322035751','m sapiran bin mat yusuf ','MALAYSIA','0','2017-06-19','noorsemangat'),(484,'352806230580006','MOH SHOLEH','BANYU URIP KIDUL 1C/8A SBY','0','2017-06-19','noorsemangat'),(485,'3527064107802867','MESUNAH','DSN LANGLANGKAH SAMPANG','0','2017-06-19','noorsemangat'),(486,'3578175203910002','NOR HAYATI','DK BLK BANTENG SEK 6A/1 SBY','087853095532','2017-06-19','noorsemangat'),(487,'3578141106870003','PUTRA AGAM\'MA','MANUKAN INDAH BLK 19 O/5 SBY','08977217202','2017-06-19','noorsemangat'),(488,'3515182702520003','LAUM RANDY','LETJEN. SUPARMAN 17 SDA','0816501824','2017-06-19','noorsemangat'),(489,'3578131507780003','FAISOL ANANG','TEMBOK DUKUH 3/30A SBY','087852322981','2017-06-19','noorsemangat'),(490,'3578160307840003','HARIYANTO','PLATUK DOOMULYO 21 SBY','0','2017-06-19','noorsemangat'),(491,'241858241858','FACHRUDIN BASALAMAH','JL JOHOR 35 SURABAYA','0818330393','2017-06-19','noorsemangat'),(492,'3578011506920001','RANDY ARGIANTO','GANG WILIS NO. 38 KARANGPILANG SBY','0','2017-06-19','noorsemangat'),(493,'3526154307680002','UMIYATI','SIDODADI 10/22 SBY','087750777741','2017-06-19','noorsemangat'),(494,'241864241864','KR','TITIP','0','2017-06-19','noorsemangat'),(495,'241865241865','KR','TITITP','0','2017-06-19','noorsemangat'),(496,'3578211401630001','KHO HALIM PURNOMO','DARMO PERMAI SEL 5/44 SBY','0816511964','2017-06-19','noorsemangat'),(497,'3515066609790005','LELLYANA FWENANDEZ','PERUMTAS BLOK K 06/20 KEDUNGBENDO TANGGULANGIN SDA','08121617210','2017-06-19','noorsemangat'),(498,'3578160201710003','TUHAR','NYAMPLUNGAN 2/43I SURABAYA','081703460496','2017-06-19','noorsemangat'),(499,'3314107112720063','SUHARTI','KARANGASEM 02/06 SRAGEN','0','2017-06-19','noorsemangat'),(500,'054753054753','ERNI','JL KENJERAN NO 300 RUKO CENTER POIN B BLOK A NO 10','0818399799','2017-06-19','noorsemangat'),(501,'3578155006730009','YASMIN','IKAN DUYUNG NO 06 SURABAYA','081555017110','2017-06-19','noorsemangat'),(502,'3515186207650005','LILIS SUKRISMA','JL JATISARI PERMAI X/L 02 SIDOARJO','0','2017-06-19','noorsemangat'),(503,'3578135704360001','TIO SO ING','GAMBUAN 10 SBY','0','2017-06-19','noorsemangat'),(504,'3578071206630002','YANTO','KALIANYAR WETAN IV/19 SBY','5341611','2017-06-19','noorsemangat'),(505,'054758054758','FRANGKI','SBY','0','2017-06-19','noorsemangat'),(506,'3576022010840008','WENDRA SATRIANA','BALONG SARI VIII/10 SBY','3556305','2017-06-19','noorsemangat'),(507,'','','','','2017-06-19','noorsemangat'),(508,'3515182202730001','IWAN NUR WIDHI','ACHMAD V NO. 25 SDA','0','2017-06-19','noorsemangat'),(509,'3578151209790001','NASRUDIN','TAMBAK PRING UTAMA IIB/16 SBY','081235662204','2017-06-19','noorsemangat'),(510,'3526011005730002','HASAN EFENDI','JL PERTEMPURAN IV/07 BANGKALAN','081331185338','2017-06-20','noorsemangat'),(511,'3515182211580006','SYAMSOE','JL JATISARI DLM 26C SIDOARJO','081231777859','2017-06-20','noorsemangat'),(512,'3578132802510001','HARTONO','PRABAN WTN III/6 SBY','082131845789','2017-06-20','noorsemangat'),(513,'3578286708690002','SRI HARINI','TAMBAK PRING 31 SBY','0','2017-06-20','noorsemangat'),(514,'600515141575','H MUARI','DUPAK MASIGIT 9/31 SBY','081944925125','2017-06-20','noorsemangat'),(515,'B433909i','AMIR HAMZAH','MASADINI SUMENEP','081330303151','2017-06-20','noorsemangat'),(516,'3527080206940002','M IDRIS','DSN PREKEDDAN SAMPANG','083850152544','2017-06-20','noorsemangat'),(517,'3526051209880004','HOIRUL ANWAR','DSN KARANG CANDIH BANGKALAN','087750791714','2017-06-20','noorsemangat'),(518,'3578133005510002','MAT HANIP','TMBOK LOR 4/18C SBY','081315039577','2017-06-20','noorsemangat'),(519,'671215147073','DR AISYUDDIN','PAKIS 55 SBY','08175250653','2017-06-20','noorsemangat'),(520,'35151821188000','M MUJIB ANAWR','JL KH ZAINUDIN 9 SIDOARJO','082231361691','2017-06-20','noorsemangat'),(521,'3578310904920003','BRAM ALDIONO','BUMISARI PRAJA 11/25 SBY','082141559719','2017-06-20','noorsemangat'),(522,'3524110109840002','GATUT MARWANTO','SAMBIREJO 020/010 LAMONGAN','081235218599','2017-06-20','noorsemangat'),(523,'750815532840','ARIF','WAHYU TAMAN 2/31 SIDOARJO','0','2017-06-20','noorsemangat'),(524,'810515141635','ZAINUDDIN RIZAL ','SAWAHPULO TGH 2/12 SBY','081357110780','2017-06-20','noorsemangat'),(525,'881115140489','ACH ASHARI','TAMBAKASRI KEMBANG SEPATU 22/06 SBY','082231335432','2017-06-20','noorsemangat'),(526,'3578170306860005','DAESONO','RANGKAH 2/33-B SBY','081233069831','2017-06-20','noorsemangat'),(527,'1214141710770001',' MOH MANITO','TULUNG 03/02 GRESIK','08155371525','2017-06-20','noorsemangat'),(528,'3578160902770001','M YAHYA','BLK BANTENG BR GG FLAMBOYAN 3/3 SBY','087852477937','2017-06-20','noorsemangat'),(529,'3578166904910003','FAUZI LESMANA','HANGTUAH 7/12 SBY','081259511800','2017-06-20','noorsemangat'),(530,'N 2183406','MANA PIRING BERTI','AUSTRALIA','0','2017-06-20','noorsemangat'),(531,'570815531358','MOENADJI','PERUM PEJAYA ANUGRAH B-12 SIDOARJO','031-7880775','2017-06-20','noorsemangat'),(532,'3515024701610001','SUWARTI ','TEMU GG III SIDOARJO','0','2017-06-20','noorsemangat'),(533,'3578080203730008','SANI','GUBEG KRTAJAYA 7B/35 SBY','70846645','2017-06-20','noorsemangat'),(534,'3578155709760002','MUTMAINNAH','KAMPUNG PESAPEN 15 SBY','0','2017-06-20','noorsemangat'),(535,'3527061305832175','SAMAD','DSN PALAM PEAN SAMPANG','0','2017-06-20','noorsemangat'),(536,'3578111809700001','UMAR HADI','KEBON DALEM 6/7 SBY','082110088729','2017-06-20','noorsemangat'),(537,'B 03017971 DN','RIADI','MALAYSIA','0','2017-06-20','noorsemangat'),(538,'3578170107520002','MUIZZAH','KEDUNG MANGU SELATAN 5/4 SBY','087853240009','2017-06-20','noorsemangat'),(539,'3578172006810002','ADI SARWONO','TANAH MERAH SELATAN 2A/6 SBY','0','2017-06-20','noorsemangat'),(540,'3578163101950005','PUAH AGUSTIAN','SAWAH PULO WETAN 4/19A SBY','081999977130','2017-06-20','noorsemangat'),(541,'3578120504670002','MOH. MOCHTAR','KALIMAS BARU 3 LEBAR BARAT 40 SBY','081703775658','2017-06-20','noorsemangat'),(542,'3578172702880005','BENY SANTOSO','POGOT LAMA 4 BUNTU 3 SBY','089554493142','2017-06-20','noorsemangat'),(543,'3578155005850003','MUNTIANI','SIDORUKUN 9/9 SBY','081703283055','2017-06-20','noorsemangat'),(544,'860815510281','ACH JAMAL','DS BULMATET SAMPANG','081332345630','2017-06-20','noorsemangat'),(545,'3527024107830329','SAHUROH','DSN PLAKARAN SAMPANG','0','2017-06-20','noorsemangat'),(546,'3578170509680003','H ABDhamid','dk blk banteng pandu 3/25 sby','081231116160','2017-06-20','noorsemangat'),(547,'3526184104970005','lailatul mukaromah','blk rukem 2/10 sby','0859317893','2017-06-20','noorsemangat'),(548,'3578160812810012','RIDWAN ALIFAKIH','ABIMANYU TGH 45 SBY','0','2017-06-20','noorsemangat'),(549,'3518202103810001','DZIKIR','DSN JATI 09/04 NGANJUK','0','2017-06-20','noorsemangat'),(550,'241915241915','ARIFIN SAIBOO','JL PANGGUNG 58 SURABAYA','0','2017-06-20','noorsemangat'),(551,'241934241934','BANG MALIK','SEPANJANG SDA','0','2017-06-20','noorsemangat'),(552,'3578260512850003','NOVI IRAWAN S','KEJAWAN PUTIH MUTIARA BLOK C3/35 SBY','081331083106','2017-06-20','noorsemangat'),(553,'3526075209780002','MAHSUNAH','DSN SPAO KLAMPIS BANGKALAN','087878400516','2017-06-20','noorsemangat'),(554,'3525175305670013','JOASIYAH','DSN DAUN TIMUR GRESIK','081336681190','2017-06-20','noorsemangat'),(555,'3526181309860003','SULIWANTO','DSN TAMBAK BANGKALAN','082301086110','2017-06-20','noorsemangat'),(556,'3578044602940002','CARISSA CINDY F','PERUM GAYUNG KEBONSARI 14A/20 SBY','081333253425','2017-06-20','noorsemangat'),(557,'740615042762','TIMAN RIS','KREMBANGAN 5/5 SBY','0','2017-06-20','noorsemangat'),(558,'3527061011750005','MONA','DSN MANGAR SAMPANG','080853005967','2017-06-20','noorsemangat'),(559,'1514160905114','ASMURI','KREMBANGAN MAKAM 2 SBY','0313573137','2017-06-20','noorsemangat'),(560,'3578160212840004','UBAIDILLAH','JATIPURWO BRT 6 /24 SBY','0','2017-06-20','noorsemangat'),(561,'910815143730','HJ. ZAHROTUL ULA','KAMPUNG SENG 77 SBY','082334518165','2017-06-20','noorsemangat'),(562,'840415140594','M. ARIFUDDIN','INDRAPURA BARU 3/4 SBY','081330011466','2017-06-20','noorsemangat'),(563,'891015143375','PUJI YULIANTI','WONOSARI WETAN BARU 9/31 SBY','085655238203','2017-06-20','noorsemangat'),(564,'3525051112680004','MUSLICH','SUMENGKO 013/004 GRESIK','085100949127','2017-06-20','noorsemangat'),(565,'3528082106660012','DARMIN WASIM','BOGENVIL IV/47 GRESIK','081332754870','2017-06-20','noorsemangat'),(566,'3504032612760001','eko priyono','DSN MANGGISAN TULUNGAGUNG','08125952190','2017-06-20','noorsemangat'),(567,'3578175211840002','SITI AISYAH','DKH BL BANTENG 9 SBY','08563042077','2017-06-20','noorsemangat'),(568,'3578062712810005','AGUNG WIBOWO','MEDAYU UTARA 8A/36A SBY','085100787705','2017-06-20','noorsemangat'),(569,'3529230406921153','FAISOL AGY','DSN BARU 003/003 SUMENEP','081270465954','2017-06-20','noorsemangat'),(570,'3527070307870001','AHYOK','DSN KAPASAN SAMPANG','081803273306','2017-06-20','noorsemangat'),(571,'701215540834','KIEMAS','DS KOTA KUSUMA 03/03 GRESIK','081330197215','2017-06-20','noorsemangat'),(572,'3578245710820001','NANY THERESIA','KUTISARI INDAH SELATAN IV/54 SBY','081703225800','2017-06-20','noorsemangat'),(573,'950815142257','ARGY BAYU P','SETRO BARU UTARA 5/53 SBY','081232951665','2017-06-20','noorsemangat'),(574,'3578066509890003','SHINDYANITA','BANYU URIP 83 SBY','0','2017-06-20','noorsemangat'),(575,'3578126908680002','HIKMAH ABDULLAH','KALIMAS UDIK 3A/12 SBY','081357652432','2017-06-20','noorsemangat'),(576,'3525160508660001','SUED','GUB. SURYO 4/53A GRESIK','081357144499','2017-06-20','noorsemangat'),(577,'Z 374200364','HUSEIN MZ','SAUDI ARABIA','0','2017-06-20','noorsemangat'),(578,'3526122705860001','ABDUL HAFID','TAMBAK GRINGSING BARU 2/1/8 SBY','081330062299','2017-06-20','noorsemangat'),(579,'870515260747','MENIK WIJAYANTI','DS BUMIREJO 003/007 MALANG','087703241108','2017-06-20','noorsemangat'),(580,'3524055404840005','JURITA ANGELIA HAPSARI','NGAGEL WASONO 3/34B SURABAYA','081216901984','2017-06-20','noorsemangat'),(581,'3515131412680002','MUZAMMIL','KEDUNGTURI PERMAI C-6 SBY','0','2017-06-20','noorsemangat'),(582,'241973241973','H. IKSAN','SLOMPRETAN 4 SBY','0','2017-06-20','noorsemangat'),(583,'KR','KR','SBY','0','2017-06-20','noorsemangat'),(584,'3526090903790005','M. MURSYIDIWAHID','KAPAS MADYA 2H/35 SBY','085330123789','2017-06-20','noorsemangat'),(585,'6202644505720013','NUR HALILAH','LANGSING 1/6 SAMPIT WORINGIN TIMUR','0','2017-06-20','noorsemangat'),(586,'770615145944','CHOIRIYAH','NYAMPLUNGAN BALOKAN 11 SBY','087854473384','2017-06-20','noorsemangat'),(587,'3526090507790004','SUBAIRI','DSN TAJUNG 003/001 BANGKALAN','082334135548','2017-06-20','noorsemangat'),(588,'3507125103790001','LAMINARTI','DSN TURUS 033/09 MALANG','081803111890','2017-06-20','noorsemangat'),(589,'3578301205770010','CHOIRUL HADI','BENOWO TEGAL 09 3/3 SBY','0','2017-06-20','noorsemangat'),(590,'3578151805760003','SOFYAN S','GRESIK PPI SEL 5 SBY','0','2017-06-20','noorsemangat'),(591,'3578090803860001','NIZAR FAQIH','SEMOLOWARU ELOK BLOK G/34-35 SBY','0','2017-06-20','noorsemangat'),(592,'3578102701690006','WNARTO','LEBAK INDAH UTR 2A/19 SBY','082332595920','2017-06-20','noorsemangat'),(593,'810615540753','ANDRAS','JL BOGENVIL VI/6 GRESK','0','2017-06-20','noorsemangat'),(594,'3578101501680005','JOHNI','LEBAK REGENCY A8 SBY','081363139999','2017-06-20','noorsemangat'),(595,'790915140553','CHOLID','SIMOLAWANG 1/25 SBY','3712083','2017-06-20','noorsemangat'),(596,'3578082910730003','EKO SUBROTO','JOJORAN 4/213 SBY','081216346396','2017-06-20','noorsemangat'),(597,'3578121711630001','ZEIN MOH','KALIMAS MADYA 1/30 SBY','081237198000','2017-06-20','noorsemangat'),(598,'3578201808660004','SALIM','SUKOMANUNGGAL JAYA XI SBY','081921677878','2017-06-20','noorsemangat'),(599,'3578210107770001','THONI','DKH PAKIS 3/29 SBY','08973938107','2017-06-20','noorsemangat'),(600,'3578085012740003','FANI','MGAGEL WASONO 3/31 SBY','081330388062','2017-06-20','noorsemangat'),(601,'3578023101670003','WIDISONO','JUINGAN 100A SBY','08121776000','2017-06-20','noorsemangat'),(602,'3172011108650005','TJAN ENG HOK','KAPASMADYA 3/2 SBY','0812302022','2017-06-20','noorsemangat'),(603,'3578045211650005','RETNO','BERATANG GEDE III/3 SBY','5025188','2017-06-20','noorsemangat'),(604,'','','','','2017-06-20','noorsemangat'),(605,'','','','','2017-06-20','noorsemangat'),(606,'','','','','2017-06-20','noorsemangat'),(607,'','','','','2017-06-20','noorsemangat'),(608,'','','','','2017-06-20','noorsemangat'),(609,'054776054776','YENY','SBY','0','2017-06-20','noorsemangat'),(610,'054777054777','TANTI','SBY','0','2017-06-20','noorsemangat'),(611,'3519121811730001','KARDI','SEPANJANG TANI GG 4 008/006 SAD','082330904100','2017-06-20','noorsemangat'),(612,'1514161207583','SUMIJATIN','TENGGER KANDANGAN XVI/9 SBY','081330908746','2017-06-20','noorsemangat'),(613,'3514145601740003','ANI','RA KARTINI 115 PASURUAN','08175011720','2017-06-20','noorsemangat'),(614,'3578121411760002','DONI O','KEBALEN BARAT 25A SBY','0','2017-06-20','noorsemangat'),(615,'3578152507600002','TUKI','TAMBAK ASRI 52 SBY','0','2017-06-20','noorsemangat'),(616,'3578267112540001','HAMIDAH','RAYA MULYO SARI 1/9 SBY','0','2017-06-20','noorsemangat'),(617,'840615510380','KH IKHYAK MIKDAD','DS BRINGIN SAMPANG','081905248866','2017-06-20','noorsemangat'),(618,'3514230602790001','imam ma\'ruf','JL KEMANTREN REJO 003/002 PASURUAN','085755337799','2017-06-20','noorsemangat'),(619,'357807240654','ACHMAD KUSEN','KEDONDONG LO 4 SBY','5341922','2017-06-20','noorsemangat'),(620,'3519024101610005','SUMIATI','TEUKU UMAR 22/06 MADIUN','0','2017-06-20','noorsemangat'),(621,'80122924049','CERLY','PERUM KENDUNG 004/001 SBY','3737029-8','2017-06-20','noorsemangat'),(622,'3578163006880063','ALI','AYAM PLINYAN 2/31 SURABAYA','082234916756','2017-06-20','noorsemangat'),(623,'351707121760001','PUJI SLAMET','JL INPRES 01/02 JOMBANG','3295448','2017-06-20','noorsemangat'),(624,'3578162408920002','ABDUL RAZAK','SIDOTOPO LOR BUNTU 1A SBY','082155838567','2017-06-20','noorsemangat'),(625,'357812048810002','SOEGIYONO','PANGGUNG 65 SBY','3551770','2017-06-20','noorsemangat'),(626,'357809240993000','M RIZKY','MANYAREJO 2/17 SBY','0','2017-06-20','noorsemangat'),(627,'3578160106720005','ANWAR','JATISRONO 20 SBY','081230998232','2017-06-20','noorsemangat'),(628,'3578225410170007','HAMIDAH','GAYUNGSARI 04/23 SBY','08752356336','2017-06-21','noorsemangat'),(629,'3578161306790003','ABD MANAN','WONOSARI TEGAL 4/45 SBY','0','2017-06-21','noorsemangat'),(630,'3578161202820010','muchtar hamid','petukangan 9/12 SBY','0','2017-06-21','noorsemangat'),(631,'3529047112610007','LATIFAH HASNI','DSN PASAR DAYA 01/04 SUMENEP','0','2017-06-21','noorsemangat'),(632,'3578161705930003','TOMMY K','KOMP SIDOTOPO DIPO SLTN 3/21 SBY','081230882371','2017-06-21','noorsemangat'),(633,'3525141111560001','WIWIN DWIYANTO','CIMANUK 41 SURABAYA','0','2017-06-21','noorsemangat'),(634,'351518040360006','THOLA\'AT Z','KIRIMAN DLM MASJID 8/17 SIDOARJO','081331432138','2017-06-21','noorsemangat'),(635,'691215361482','MUKAROM','GENK 004/001 KALIMANUS DOKO BLITAR','081333674768','2017-06-21','noorsemangat'),(636,'3578160803940002','ADBULHAMAN ROZIIN','AMPEL GYBAH KDUL 3 SBY','082282858056','2017-06-21','noorsemangat'),(637,'B 7021886','RIZKY RIYANYTO','DSN PERENGAN SAMPANG','0','2017-06-21','noorsemangat'),(638,'870815460106','RIZAL','JL DIPONEGORO 34 BOJONEGORO','08123415855','2017-06-21','noorsemangat'),(639,'860715511162','A KAMIL','JL PERMATA SAMPANG','087751000255','2017-06-21','noorsemangat'),(640,'3575022307820002','M NAWAWI','SEKARGADUNG 02/02 PASURUAN','082232360056','2017-06-21','noorsemangat'),(641,'7308151434272','ZAINAL ARFIN','SAWAH PULO 7/8 SBY','081332321585','2017-06-21','noorsemangat'),(642,'357815280290002','ALIF ADHA','DEMAK BNGUNSARI 2/34 SBY','77422700','2017-06-21','noorsemangat'),(643,'3578152802690002','ALIF ADHA','DUPAK BANGUNSARI 2/34 SBY','774422700','2017-06-21','noorsemangat'),(644,'3527050703830009','ABD DJUD','DSN LAOK SAMPANG','0','2017-06-21','noorsemangat'),(645,'2420032420003','BANG SUKRI','MALANG','0','2017-06-21','noorsemangat'),(646,'35181223038801','NANANG F','KEBALEN WETAN 6/14','08123181898','2017-06-21','noorsemangat'),(647,'1514160505291','NUR HATIM','TELUK NIBUNG BRT 4/5 SURABAYA','082332324738','2017-06-21','noorsemangat'),(648,'P1','ALI','BATU','0','2017-06-21','noorsemangat'),(649,'24200032420003','BANG SUKRI','MALANG','0','2017-06-21','noorsemangat'),(650,'A 7654516','RIZA FITRI','RAYA BANJAR KEMUNING 07/04 SIDOARJO','081231264635','2017-06-21','noorsemangat'),(651,'A 765416','RIZA FITRI','RAYA BANJAR KEMUNING 007/004 SIDOARJO','081231264635','2017-06-21','noorsemangat'),(652,'3578152507600001','TUKI','TAMBAK ASRI B PUTRI MALU NO 52 SBY','085852440111','2017-06-21','noorsemangat'),(653,'3578116103870003','NOURMA WATI','MRUTU KUANYAR 5/10 SBY','081235677595','2017-06-21','noorsemangat'),(654,'3578073006470001','TALIP','GEMBONG STAL 18 SBY','0','2017-06-21','noorsemangat'),(655,'3578107001800007','YUHANITA','SIDOTOPO SEK 2/11 SBY','081333999405','2017-06-21','noorsemangat'),(656,'3578172705630002','KISWORO','KEDUNGMANGU SEL 7/42 SBY','082141180834','2017-06-21','noorsemangat'),(657,'3578152805580002','IMAM SADALI','WIGUNA TIMUR 7/5 SBY','0318711520','2017-06-21','noorsemangat'),(658,'3578060810730002','KAROLUS KOMA','BANYU URIP WETAN 3D/12 SBY','081259411612','2017-06-21','noorsemangat'),(659,'3578080903690007','IRAWAN','BARATA JAYA SBY','0','2017-06-21','noorsemangat'),(660,'3522161507690001','MUKSIN','BENDO 03/02 BOJONEGORO','085755562449','2017-06-21','noorsemangat'),(661,'35761407660004','UMAR FARUQ','PETUKANGAN 3/14 SBY','0','2017-06-21','noorsemangat'),(662,'3578161506790003','ABD MANAN','WONOSARI TEGAL 4/45 SBY','0','2017-06-21','noorsemangat'),(663,'3517022804720001','DONO SUTRISNO','DWI KAYUHAN 01/08 JOMBANG','5034000','2017-06-21','noorsemangat'),(664,'830715140704','M ACH MASRUHA','SIDOSERMO DLM 27 SBY','085733025176','2017-06-21','noorsemangat'),(665,'054797054797','KOMING','PANGGUNG SURABAYA','0','2017-06-21','noorsemangat'),(666,'3578357103890008','LIDIA KATARINA','RUNGKUT MAKAN TENGAH V/E1 SBY','082232104616','2017-06-21','noorsemangat'),(667,'3515181908550006','SUPARNO','BREBEK III-6 SIDOARJO','0','2017-06-21','noorsemangat'),(668,'054800054800','GEMBIRA','BLAURAN SURABAYA','0','2017-06-21','noorsemangat'),(669,'3578132207720003','RACHMAT NURHIDAYAT','BANDAREJO 355 MANGGA NO 3 SBY','085700755572','2017-06-21','noorsemangat'),(670,'054802054802','BPK TOTOK ','BANK CCB TANJUNG ANOM','0','2017-06-21','noorsemangat'),(671,'3515130306430005','RUDY TJAHJONO','JL KI TAHURU 05/03 SIDOARJO','08121729583','2017-06-21','noorsemangat'),(672,'3578272506550002','SUTUYO','SIMOREJO 21/26 SURABAYA','0','2017-06-21','noorsemangat'),(673,'660615143450','HENOWO','DARMO PERMAI TMR 6/7 TEMBAAN 79 SURABAYA','5317983','2017-06-21','noorsemangat'),(674,'3578277105520001','OEI OEN HUI','DARMO PERMAI UTARA 5/12 SBY','08315861225','2017-06-21','noorsemangat'),(675,'970515140021','GUSTI SINAI NUGROHO','PETEMON 1/50 SBY','085732064088','2017-06-21','noorsemangat'),(676,'351509218710002','SUKADI','GODEKAN 01/03 SIDOARJO','081230331133','2017-06-21','noorsemangat'),(677,'3578161309760006','MUHDAR ALI','NYAMPLUNGAN 1/22 SBY','082233313298','2017-06-21','noorsemangat'),(678,'054810054810','TK MAJU JAYA','PANGGUNG 39 SBY','0','2017-06-21','noorsemangat'),(679,'35072418051590001','M KABUL WARDOYO','JL TUMAPEL BARAT IV/01 MALANG','085231761622','2017-06-21','noorsemangat'),(680,'3578290605660001','JOKO ASMONO','JL SAMLAGYU 21 SBY','3552849','2017-06-21','noorsemangat'),(681,'3578014701660004','ANDREANA DRA','KEBRAON INDAH BLOK J 35-36 SBY','0816504569','2017-06-21','noorsemangat'),(682,'840815620112','AGUS PRIANTO','NGARES KIDUL GEDEG MOJOKERTO','3554789','2017-06-21','noorsemangat'),(683,'3578155506700002','BERTI MATRIAN','SEDAYU 7/18A SBY','3541644','2017-06-21','noorsemangat'),(684,'3578265005670001','LOLA LIKE NAICOA','KERTAJAYA INDAH 7/G SBY','081615421926','2017-06-21','noorsemangat'),(685,'3515130306730005','RUDY','JL KITAHURU 05/03 SIDOARJO','081217239583','2017-06-21','noorsemangat'),(686,'3578165803680003','ELIS HALIMATURROSYIDAH','SUKODONO 3/68 SBY','0','2017-06-21','noorsemangat'),(687,'3578165212840003','FATTUM','SAWAH PULO 53 SBY','085730702118','2017-06-21','noorsemangat'),(688,'3578160809920002','NURUL ULUM','SIDORAME 42 SBY','081932655553','2017-06-21','noorsemangat'),(689,'3515110405660006','SUNDOYO','GAMPING KULON SDA','081331381153','2017-06-21','noorsemangat'),(690,'871215146501','IFA ANI','MASPATI IV/37-39 SBY','0818516026','2017-06-21','noorsemangat'),(691,'3578154205690001','HJ. MARDIANA SAID','IKAN SEPAT 4/5 SBY','081233962676','2017-06-21','noorsemangat'),(692,'242037242037','ALI BALAHMAR','SDA','0','2017-06-21','noorsemangat'),(693,'3526111610810002','ALI MAKROUF','JL RAYA PESANGGRAHAN BANGKALAN','0823301855456','2017-06-21','noorsemangat'),(694,'1514170502955','DANIYAL','TRENGGANU 18 SBY','08133366670','2017-06-21','noorsemangat'),(695,'357817130760003','SUPANDI','DK BLK BANTENG PRINTIS UTAMA 1/25 SBY','087851251767','2017-06-21','noorsemangat'),(696,'B 7273437','JALI MUHAMMAD RIDWAN SALEH','HOS COKROAMINOTO GG 2 NO 24 BANGKALAN','087849445276','2017-06-22','noorsemangat'),(697,'3578071112880001','DEVIT ARIYANTO','PENELEH 1/34 SBY','083844316999','2017-06-22','noorsemangat'),(698,'3526155704690002','HJ SUNARTI','JL MAKAM AGUNG BANGKALAN','081901340121','2017-06-22','noorsemangat'),(699,'3578110111720001','ANWAR','SIDODADI KULON 2/6 SBY','081999955848','2017-06-22','noorsemangat'),(700,'3526126006790002','SITI HODIJAH','DSN LABANG BARAT BANGKALAN','081330050127','2017-06-22','noorsemangat'),(701,'3528071001840003','MOH SEINAL','DSN PAO 04/04 PAMEKASAN','081913791824','2017-06-22','noorsemangat'),(702,'3578173006580026',' B.IMA','BLK BANTENG 12 SBY','3720107','2017-06-22','noorsemangat'),(703,'3526044606810003','FITA FITRIANI','JL JERUK 03/06 BANGKALAN','082330639083','2017-06-22','noorsemangat'),(704,'3526111011770001','MOH ALI RASYID','JL SUMBER CENDANA 00/00 BANGKALAN','08179381326','2017-06-22','noorsemangat'),(705,'3515100610800003','DWI CAHYONO','JIMBARAN KULON 01/01 SIDOARJO','081230014320','2017-06-22','noorsemangat'),(706,'670615144202','MOH ADIB SALEH','KHM MANSYUR 196 SBY','0','2017-06-22','noorsemangat'),(707,'3578162312770002','MUHAMMAD ALMUHDAR','SULTAN ISKANDAR MUDA45 SURABAYA','087788800177','2017-06-22','noorsemangat'),(708,'3578161211620008','ALI AL CHOTIB','WONOKUSUMO WETAN 80 SBY','0','2017-06-22','noorsemangat'),(709,'Z 238221721','ABD MALIK BN MUH TAWILA','SAUDI ARABIA','0','2017-06-22','noorsemangat'),(710,'3578161204860001','M RIZAL','AMPEL MULIA 15 SBY','082231050183','2017-06-22','noorsemangat'),(711,'3578123006630084','ALI MAS\'UD','KETAPANG 3/59 SBY','0','2017-06-22','noorsemangat'),(712,'054817054817','HUSIN','WONOSARI WETAN GG 1F NO 17 SURABAY','0','2017-06-22','noorsemangat'),(713,'3275125107980002','TASYA','KOMP CHANDRA IMDAH LAMA E 165 BEKASI','082111587321','2017-06-22','noorsemangat'),(714,'790985140553','CHOLID','SIMOLAWANG 1/25  SBY','0','2017-06-22','noorsemangat'),(715,'3578102306860001','VITO PRAJOGO','BABATAN PANTAI 7/18 SBY','0','2017-06-22','noorsemangat'),(716,'3577015101760002','JOHANNASRI SULINARSIH','JL SENDANG BRT 022/04 MADIUN','08123110852','2017-06-22','noorsemangat'),(717,'3578053010810002','FRANS','KALI ASIN 5/9 SBY','081331582525','2017-06-22','noorsemangat'),(718,'3578161301830004','ACHMAD IQBAL','SUKODONO 4/56 SBY','08175076876','2017-06-22','noorsemangat'),(719,'351113107860002','RANDY DWI SUBEKTI','DR SUTOMO NO 40 SBY','081231581879','2017-06-22','noorsemangat'),(720,'3578262504760001','YASIN','JL RAYA LIDA WETAN NO 3 SBY','081216213097','2017-06-22','noorsemangat'),(721,'600715146480','KHOIRUDDIN','KALIMAS BARU 266 1/29 SBY','081254150961','2017-06-22','noorsemangat'),(722,'3515151502630004','IR SYAUKANI','PONDOK JATI BU-03 SIDOARJO','081348609','2017-06-22','noorsemangat'),(723,'357813030982000','ISKA PUTRANTO','MAREGO RUKUN 4/5 SBY','082230700159','2017-06-22','noorsemangat'),(724,'3578133004780007','HWAT TAR','TAMBAK BAYAN 5/7 SBY','085233889830','2017-06-22','noorsemangat'),(725,'3578130309820001','ISKA PUTRANTO','MAEGO RUKUN 4/5 SBY','082230700159','2017-06-22','noorsemangat'),(726,'3578121510710004','djamaludin','panggung 2/9 sby','0','2017-06-22','ardiansyah'),(727,'3578276810820005','sumarni','simorejo 22/3a sby','081944925125','2017-06-22','ardiansyah'),(728,'6901151412728','wel helmus andes','krembangan jaya utr 5/38 sby','081330683460','2017-06-22','ardiansyah'),(729,'3578130211920001','shofyullah','margorukun 4/14 sby','081252904908','2017-06-22','ardiansyah'),(730,'AS 119565','JIWA BIN MOHD ISA','MALISIA','0','2017-06-22','ardiansyah'),(731,'3515080706730006','YOHANES TOTOK SUTOYO','BLURU PERMAI FE-2 SIDOARJO','082233558873','2017-06-22','ardiansyah'),(732,'1514170500423','fahmi hadi','nyamplungan kuburan 33sby','0','2017-06-22','noorsemangat'),(733,'3578155611920005','novita sari','jepara ppi brt blk d/58d sby','082230302449','2017-06-22','noorsemangat'),(734,'3578166201570001','TIEN FATIMAH','AMPEL KEMBANG 3 SBY','3524890','2017-06-22','noorsemangat'),(735,'3578135505670002','HARTATIK','DEMAK JAYA VIII/50 SBY','083854425675','2017-06-22','noorsemangat'),(736,'3578122111770001','MUSTOFA','KALIMAS MADYA 4/1 UTRA SBY','085607091278','2017-06-22','noorsemangat'),(737,'357812050262000','THOHIR AIDID','KHM MANSYUR 190 SBY','0','2017-06-22','noorsemangat'),(738,'3578100210610006','YUDHIANTO H','BRONGGALAN 2B/8 SBY','085100342729','2017-06-22','noorsemangat'),(739,'3578051504730007','MOCH SALI,','WONOREJO 4/4F SBY','0','2017-06-22','noorsemangat'),(740,'79071514522','FAISO SH','SIDORAME BARU 9B SBY','0','2017-06-22','noorsemangat'),(741,'3578132704880004','KHULAIFI','ASEM JAYA 5/16 SBY','0','2017-06-22','noorsemangat'),(742,'3578210211800002','ABD HALIM','DUKUH PAKIS 6B/21 SBY','087854761566','2017-06-22','noorsemangat'),(743,'3578060103830010','ILHAM','KREMBANGAN BARU 5/12 SBY','0','2017-06-22','noorsemangat'),(744,'3578082410790002','OEMAR','JUWINGAN 1/30 SBY','08113333000','2017-06-22','noorsemangat'),(745,'5101041812800003','CHOIRUL ARIP','JALAK PUTIH 6 LING ARUM BALI','082145398788','2017-06-22','noorsemangat'),(746,'3578115904820001','IDA SUPRIYATI','KENJERAN 5/7 SBY','082310007350','2017-06-22','noorsemangat'),(747,'3578152409690001','WIDOYOKO','IKAN KERAPU 6/6 SBY','0','2017-06-22','noorsemangat'),(748,'3578165610890001','HJ NURUL MAULIDIA','ARIMBI BUNTU 2E SBY','087852012121','2017-06-22','noorsemangat'),(749,'W 062246','RUFIEH ACHMAD MADANI','DS KETAPANG SAMPANG','082226777769','2017-06-22','noorsemangat'),(750,'851015261088','NITA EKASINTA','DS YUJUNG TIRTO 01/09 MALANG','082225556678','2017-06-22','noorsemangat'),(751,'3578164311660002','SANDAR NINANG WAHID','HANGTUAH 6 SBY','3291790','2017-06-22','noorsemangat'),(752,'3515180410860007','RIZAL FIRDAUS ','WEDORO BELAHAN 02/07 SBY','081382003341','2017-06-22','noorsemangat'),(753,'242117242117','KR','TITIP','0','2017-06-22','noorsemangat'),(754,'242118242118','KR','TITIP','0','2017-06-22','noorsemangat'),(755,'242119242119','KR','TITITP','0','2017-06-22','noorsemangat'),(756,'680515481742','machsun','DS DRAJAT 03/02 LAMONGAN','082257000450','2017-06-22','noorsemangat'),(757,'901015280172','MUSTOFA','SUKOMANGU 03/01 PASURUAN','083852031438','2017-06-22','noorsemangat'),(758,'3578124203610001','SUROYA AIDID','MANSYUR 190 SBY','60721213','2017-06-22','noorsemangat'),(759,'3578170308900002','M MAHRUS','DK BLK BANTENG PU 1/25 SBY','0','2017-06-22','noorsemangat'),(760,'910715510588','MOKIP','DS PAJERUAN SAMPANG','0','2017-06-22','noorsemangat'),(761,'3526115007880002','KOMARIYAH','KMP MASJID UTARA 04/02 BANGKALAN','0','2017-06-22','noorsemangat'),(762,'3578063103940002','M FAKHRIE','PAKIS GUNUNG 1B/1 SBY','0','2017-06-22','noorsemangat'),(763,'054831054831','TOKO MAJU JAYA','PANGGUNG 39 SBY','0','2017-06-22','noorsemangat'),(764,'3526143112730013','MOH HAFI','PENGAMPON TGH 12/11 SBY','0','2017-06-22','noorsemangat'),(765,'3515102201760001','HARDIAN','SIMO ANGIN 06/02 SIDOARJO','08123130331','2017-06-22','noorsemangat'),(766,'3578071605920001','YOSUA','PELAMPITAN N0-6 SBY','089613727673','2017-06-22','noorsemangat'),(767,'3578271002790003','MUHAMMAD SLAMET','SIMO POMAHAN BARU 2/10 SBY','0','2017-06-22','noorsemangat'),(768,'357827104690003','MOCH ROOWAH','SIMO PRONA JAYA  I /16 SBY','3550847','2017-06-22','noorsemangat'),(769,'3578095203480001','TJENG MYANTI','MANYAR REJO 10/5 SBY','085103799719','2017-06-22','noorsemangat'),(770,'690715142747','HJ SULAIMAH','JL KETINTANG TMR 03/17 SBY','081259782000','2017-06-22','noorsemangat'),(771,'3578060305970003','GUSTI SHINDU','PETEMON 1/50 SBY','082231148420','2017-06-22','noorsemangat'),(772,'054841054841','PAK OYONG','PANGGUNG NO 12 SBY','3551730','2017-06-22','noorsemangat'),(773,'3578266105810003','KATRINE LASMANA','KALI YUDAN 15/63 SURABAYA','0817587864','2017-06-22','noorsemangat'),(774,'319032109750010','JUSO SALUNG','TAMAN HARAPAN INDAH BLOK AA JAKBAR','085100982618','2017-06-22','noorsemangat'),(775,'3578090403730003','PUJI PURWANTO','KEPUTRAN PANJAITAN III/52A SBY','5317336','2017-06-22','noorsemangat'),(776,'3578100307850003','M IMAM HOIRUL ','LEBAK REJO UTARA 5/29 SBY','5353639','2017-06-22','noorsemangat'),(777,'3524261009700001','EDY','MLUWUR 02/03 LAMONGAN','0313573888','2017-06-22','noorsemangat');
/*!40000 ALTER TABLE `customer` ENABLE KEYS */;
UNLOCK TABLES;

--
-- Table structure for table `karyawan`
--

DROP TABLE IF EXISTS `karyawan`;
/*!40101 SET @saved_cs_client     = @@character_set_client */;
/*!40101 SET character_set_client = utf8 */;
CREATE TABLE `karyawan` (
  `id` int(11) NOT NULL AUTO_INCREMENT,
  `nama` varchar(30) NOT NULL,
  `tgl_lahir` date NOT NULL,
  `alamat` varchar(50) NOT NULL,
  `telepon` varchar(15) NOT NULL,
  `password` varchar(30) NOT NULL,
  PRIMARY KEY (`id`),
  KEY `nama` (`nama`)
) ENGINE=InnoDB AUTO_INCREMENT=6 DEFAULT CHARSET=latin1;
/*!40101 SET character_set_client = @saved_cs_client */;

--
-- Dumping data for table `karyawan`
--

LOCK TABLES `karyawan` WRITE;
/*!40000 ALTER TABLE `karyawan` DISABLE KEYS */;
INSERT INTO `karyawan` VALUES (1,'ardiansyah','1997-01-17','Desa Sememu Lumajang','082334093822','ardiansyah'),(5,'noorsemangat','2017-06-15','Jl Panggung No 40 Surabaya','3523266','noorsemangat');
/*!40000 ALTER TABLE `karyawan` ENABLE KEYS */;
UNLOCK TABLES;

--
-- Table structure for table `nota`
--

DROP TABLE IF EXISTS `nota`;
/*!40101 SET @saved_cs_client     = @@character_set_client */;
/*!40101 SET character_set_client = utf8 */;
CREATE TABLE `nota` (
  `id` int(11) NOT NULL AUTO_INCREMENT,
  `nonota` varchar(10) NOT NULL,
  `jenis_valas` varchar(10) NOT NULL,
  `jumlah` decimal(16,2) NOT NULL,
  `kurs` decimal(16,2) NOT NULL,
  `nilai` decimal(16,2) NOT NULL,
  PRIMARY KEY (`id`),
  KEY `nonota` (`nonota`),
  CONSTRAINT `nota_ibfk_1` FOREIGN KEY (`nonota`) REFERENCES `transaksi` (`nonota`) ON DELETE CASCADE ON UPDATE CASCADE
) ENGINE=InnoDB AUTO_INCREMENT=994 DEFAULT CHARSET=latin1;
/*!40101 SET character_set_client = @saved_cs_client */;

--
-- Dumping data for table `nota`
--

LOCK TABLES `nota` WRITE;
/*!40000 ALTER TABLE `nota` DISABLE KEYS */;
INSERT INTO `nota` VALUES (7,'241653','MYR',715.00,3035.00,2170025.00),(8,'241653','MYR',48.00,2685.00,128880.00),(9,'241653','SAR',500.00,3500.00,1750000.00),(10,'241653','SGD',5.00,9550.00,47750.00),(11,'241654','USD',20.00,13200.00,264000.00),(12,'241655','SAR',1000.00,3500.00,3500000.00),(13,'241655','SAR',64.00,3550.00,227200.00),(15,'241657','BND',1000.00,9525.00,9525000.00),(16,'241658','SGD',5000.00,9550.00,47750000.00),(17,'241659','HKD',100.00,1695.00,169500.00),(18,'241659','MYR',200.00,3085.00,617000.00),(19,'241660','MYR',10.00,3035.00,30350.00),(20,'241660','WON',400000.00,11.70,4680000.00),(21,'241661','USD',980.00,13200.00,12936000.00),(22,'241662','MYR',1350.00,3085.00,4164750.00),(23,'241662','MYR',45.00,3035.00,136575.00),(24,'241662','MYR',9.00,2685.00,24165.00),(25,'241663','BND',100.00,9525.00,952500.00),(26,'241663','MYR',20.00,3035.00,60700.00),(27,'241663','SGD',65.00,9550.00,620750.00),(28,'241664','USD',1000.00,13300.00,13300000.00),(29,'241665','MYR',850.00,3085.00,2622250.00),(30,'241666','USD',800.00,13250.00,10600000.00),(31,'241667','USD',5000.00,13300.00,66500000.00),(32,'241668','USD',100.00,13300.00,1330000.00),(33,'241669','SAR',200.00,3550.00,710000.00),(34,'241670','USD',1000.00,13300.00,13300000.00),(35,'241671','USD',500.00,13300.00,6650000.00),(36,'241672','USD',550.00,13250.00,7287500.00),(37,'241673','SAR',4000.00,3500.00,14000000.00),(38,'241673','SAR',300.00,3550.00,1065000.00),(39,'241674','USD',500.00,13300.00,6650000.00),(40,'241675','USD',1000.00,13300.00,13300000.00),(41,'241676','MYR',100.00,3085.00,308500.00),(42,'241677','MYR',1600.00,3085.00,4936000.00),(43,'241677','MYR',25.00,3035.00,75875.00),(44,'241678','MYR',2100.00,3085.00,6478500.00),(45,'241679','SAR',475.00,3550.00,1686250.00),(46,'241680','SAR',500.00,3500.00,1750000.00),(47,'241681','USD',100.00,13250.00,1325000.00),(48,'241682','SAR',100.00,3550.00,355000.00),(49,'241683','USD',200.00,13200.00,2640000.00),(58,'241686','SGD',50.00,9550.00,477500.00),(59,'241656','USD',200.00,13300.00,2660000.00),(60,'241687','MYR',700.00,3085.00,2159500.00),(61,'241688','WON',50000.00,11.65,582500.00),(62,'241688','THB',1000.00,390.00,390000.00),(63,'241689','MYR',250.00,3085.00,771250.00),(64,'241690','USD',100.00,13300.00,1330000.00),(65,'241691','USD',500.00,13300.00,6650000.00),(66,'241692','MYR',200.00,3085.00,617000.00),(67,'241692','SGD',20.00,9550.00,191000.00),(68,'241693','MYR',200.00,3085.00,617000.00),(69,'241693','MYR',200.00,3035.00,607000.00),(70,'241694','NT',1000.00,440.00,440000.00),(71,'241694','THB',2100.00,390.00,819000.00),(72,'241694','YUAN',200.00,1940.00,388000.00),(73,'241695','MYR',1100.00,3085.00,3393500.00),(74,'241695','MYR',20.00,3035.00,60700.00),(75,'241695','MYR',3.00,2685.00,8055.00),(76,'241696','HKD',1000.00,1695.00,1695000.00),(77,'241697','SAR',10000.00,3550.00,35500000.00),(78,'241698','SAR',500.00,3500.00,1750000.00),(79,'241699','USD',800.00,13300.00,10640000.00),(80,'241700','USD ',200.00,13250.00,2650000.00),(81,'241701','RUPE',18500.00,200.00,3700000.00),(82,'054722','SGD',3700.00,9650.00,35705000.00),(84,'241702','SAR',1000.00,3500.00,3500000.00),(85,'241703','DIRH',1200.00,3575.00,4290000.00),(86,'054723','BND',130.00,9625.00,1251250.00),(87,'241704','SAR ',500.00,3550.00,1775000.00),(88,'054724','HKD',2000.00,1725.00,3450000.00),(89,'054724','SGD',150.00,9650.00,1447500.00),(90,'241705','SAR',1500.00,3500.00,5250000.00),(91,'241705','SAR',116.00,3550.00,411800.00),(92,'054725','USD',60.00,13335.00,800100.00),(93,'241706','SAR ',696.00,3550.00,2470800.00),(94,'054726','THB',5000.00,397.00,1985000.00),(95,'241707','USD',1500.00,13300.00,19950000.00),(96,'054727','SAR',1000.00,3650.00,3650000.00),(97,'054727','SAR',100.00,3650.00,365000.00),(98,'241708','SGD',70.00,9550.00,668500.00),(99,'241709','MYR',100.00,3085.00,308500.00),(100,'241709','MYR',65.00,3035.00,197275.00),(101,'241710','USD',100.00,13150.00,1315000.00),(102,'241711','USD',100.00,13200.00,1320000.00),(103,'241712','EURO',10.00,14775.00,147750.00),(104,'241712','SGD',50.00,9550.00,477500.00),(105,'241713','SAR',1500.00,3500.00,5250000.00),(106,'241714','AUD',150.00,10050.00,1507500.00),(107,'241715','MYR',250.00,3085.00,771250.00),(108,'241716','MYR',900.00,3085.00,2776500.00),(109,'241717','SAR',1000.00,3500.00,3500000.00),(110,'241717','SAR',2458.00,3550.00,8725900.00),(111,'241684','BND',10.00,9475.00,94750.00),(112,'241684','MYR',250.00,3085.00,771250.00),(113,'241684','MYR',30.00,3035.00,91050.00),(114,'241684','MYR',6.00,2685.00,16110.00),(115,'241684','PHP',400.00,265.00,106000.00),(116,'241684','SAR',72.00,3550.00,255600.00),(117,'241685','NOK',400.00,1550.00,620000.00),(118,'241685','WON',4000.00,11.20,44800.00),(119,'241685','YUAN',20.00,1940.00,38800.00),(128,'241724','USD',100.00,13300.00,1330000.00),(129,'241718','SAR',3000.00,3500.00,10500000.00),(130,'241719','USD',100.00,13250.00,1325000.00),(131,'241720','AUD',1000.00,10050.00,10050000.00),(132,'241721','USD',200.00,13300.00,2660000.00),(133,'241722','USD',300.00,13250.00,3975000.00),(134,'241723','MYR',150.00,3085.00,462750.00),(135,'241723','SGD',700.00,9550.00,6685000.00),(136,'241725','MYR',150.00,3085.00,462750.00),(137,'241725','MYR',10.00,3035.00,30350.00),(138,'241725','MYR',2.00,2685.00,5370.00),(139,'241726','SGD',612.00,9550.00,5844600.00),(140,'241727','MYR',1700.00,3085.00,5244500.00),(141,'241728','USD',400.00,13300.00,5320000.00),(142,'241729','USD',400.00,13250.00,5300000.00),(143,'241730','JPY',2000.00,119.00,238000.00),(144,'241730','SAR',500.00,3500.00,1750000.00),(145,'241730','SGD',150.00,9550.00,1432500.00),(146,'241731','SAR',632.00,3550.00,2243600.00),(147,'241732','USD',100.00,13300.00,1330000.00),(148,'241733','USD',1000.00,13300.00,13300000.00),(149,'241734','SAR',250.00,3550.00,887500.00),(150,'241735','USD',700.00,13300.00,9310000.00),(151,'241736','USD',100.00,13250.00,1325000.00),(152,'241737','SAR',5900.00,3550.00,20945000.00),(153,'241738','MYR',150.00,3085.00,462750.00),(154,'241738','SAR',1018.00,3550.00,3613900.00),(155,'241739','USD',100.00,13250.00,1325000.00),(156,'241739','USD',85.00,13200.00,1122000.00),(157,'241740','PHP',1950.00,265.00,516750.00),(158,'241741','SAR',500.00,3500.00,1750000.00),(159,'241741','SAR',590.00,3550.00,2094500.00),(160,'241742','USD',500.00,13300.00,6650000.00),(161,'241743','USD',1500.00,13300.00,19950000.00),(162,'241744','MYR',300.00,3085.00,925500.00),(163,'241745','USD',100.00,13250.00,1325000.00),(164,'241746','USD',100.00,13250.00,1325000.00),(165,'241747','SAR',440.00,3550.00,1562000.00),(166,'241748','USD',350.00,13250.00,4637500.00),(169,'241750','SAR',4.00,3550.00,14200.00),(170,'241750','WON',5000.00,11.65,58250.00),(171,'241750','AUD',20.00,10050.00,201000.00),(172,'241750','EURO',10.00,14775.00,147750.00),(173,'241750','MYR',100.00,3085.00,308500.00),(174,'241750','MYR',55.00,3035.00,166925.00),(175,'241750','MYR',4.00,2685.00,10740.00),(176,'241751','SAR',200.00,3550.00,710000.00),(179,'241749','PHP',100.00,265.00,26500.00),(180,'241749','YUAN',30.00,1940.00,58200.00),(181,'241752','MYR',500.00,3085.00,1542500.00),(182,'241753','MYR',1000.00,3085.00,3085000.00),(183,'241754','MYR',100.00,3085.00,308500.00),(184,'241754','MYR',30.00,3035.00,91050.00),(185,'241754','MYR',1.00,2685.00,2685.00),(186,'241755','MYR',40.00,3035.00,121400.00),(187,'241755','MYR',12.00,2685.00,32220.00),(188,'241756','SAR',3000.00,3500.00,10500000.00),(189,'241757','MYR',750.00,3085.00,2313750.00),(190,'241758','SAR',1000.00,3500.00,3500000.00),(191,'241758','SAR',1596.00,3550.00,5665800.00),(192,'241758','SGD',7.00,9550.00,66850.00),(193,'241759','WON',1100000.00,11.65,12815000.00),(194,'241760','USD',5000.00,13300.00,66500000.00),(195,'241761','SAR',450.00,3550.00,1597500.00),(196,'241762','SAR',500.00,3500.00,1750000.00),(197,'241763','USD',100.00,13250.00,1325000.00),(198,'241764','HKD',120.00,1695.00,203400.00),(199,'241764','SGD',30.00,9550.00,286500.00),(200,'241765','MYR',900.00,3085.00,2776500.00),(201,'241765','MYR',50.00,3035.00,151750.00),(202,'241765','MYR',12.00,2685.00,32220.00),(203,'241765','SAR',230.00,3550.00,816500.00),(204,'241766','MYR',100.00,3085.00,308500.00),(205,'241766','MYR',25.00,3035.00,75875.00),(206,'241766','SAR',30.00,3550.00,106500.00),(207,'241767','USD',120.00,13200.00,1584000.00),(208,'241768','USD',100.00,13250.00,1325000.00),(209,'241768','USD',50.00,13200.00,660000.00),(210,'241769','NT',4000.00,440.00,1760000.00),(211,'241769','NT',400.00,430.00,172000.00),(212,'241770','MYR',150.00,3085.00,462750.00),(213,'241770','MYR',190.00,3035.00,576650.00),(214,'241771','SAR',150.00,3550.00,532500.00),(215,'241772','MYR',300.00,3085.00,925500.00),(216,'241772','MYR',30.00,3035.00,91050.00),(217,'241773','USD',100.00,13300.00,1330000.00),(218,'241774','USD',200.00,13300.00,2660000.00),(219,'241775','BND',350.00,9525.00,3333750.00),(220,'241776','WON',600000.00,11.65,6990000.00),(221,'241776','WON',7000.00,11.15,78050.00),(224,'241777','MYR',200.00,3085.00,617000.00),(225,'241778','MYR',1000.00,3085.00,3085000.00),(226,'241779','SAR',300.00,3550.00,1065000.00),(227,'241780','USD',97.00,13000.00,1261000.00),(228,'241781','USD',1100.00,13300.00,14630000.00),(229,'241782','SGD',220.00,9550.00,2101000.00),(230,'241783','AUD',500.00,10050.00,5025000.00),(231,'241784','AUD',800.00,10050.00,8040000.00),(232,'241785','SAR',270.00,3550.00,958500.00),(233,'241786','MYR',660.00,3035.00,2003100.00),(234,'241787','SGD',170.00,9575.00,1627750.00),(235,'241788','USD',300.00,13300.00,3990000.00),(236,'241789','USD',20.00,13200.00,264000.00),(237,'241790','MYR',1300.00,3085.00,4010500.00),(238,'241791','SAR',300.00,3550.00,1065000.00),(239,'241792','MYR',325.00,3035.00,986375.00),(240,'241793','SAR',700.00,3550.00,2485000.00),(241,'241794','MYR',100.00,3085.00,308500.00),(242,'241794','MYR',200.00,3035.00,607000.00),(243,'241795','MYR',700.00,3085.00,2159500.00),(244,'241795','MYR',215.00,3035.00,652525.00),(245,'241795','SAR',6500.00,3500.00,22750000.00),(246,'241795','SAR',3650.00,3550.00,12957500.00),(247,'241795','SGD',200.00,9550.00,1910000.00),(248,'241796','SGD',55.00,9550.00,525250.00),(249,'241797','MYR',350.00,3085.00,1079750.00),(250,'241798','USD',2500.00,13300.00,33250000.00),(251,'241799','USD',600.00,13250.00,7950000.00),(252,'241800','MYR',500.00,3085.00,1542500.00),(253,'241801','MYR',1100.00,3085.00,3393500.00),(254,'241802','MYR',250.00,3085.00,771250.00),(255,'241802','MYR',10.00,3035.00,30350.00),(256,'241802','MYR',2.00,2685.00,5370.00),(257,'241802','PHP',300.00,265.00,79500.00),(258,'241802','SAR',275.00,3550.00,976250.00),(259,'241802','SGD',16.00,9550.00,152800.00),(260,'241803','USD',20.00,13200.00,264000.00),(261,'241803','USD',14.00,13000.00,182000.00),(262,'054728','MYR',1600.00,3130.00,5008000.00),(263,'054729','BND',1579.00,9625.00,15197875.00),(264,'054730','SGD',500.00,9675.00,4837500.00),(265,'054731','USD',700.00,13385.00,9369500.00),(266,'054732','SAR',300.00,3650.00,1095000.00),(267,'054733','USD',1200.00,13385.00,16062000.00),(268,'054734','PHP',10000.00,273.00,2730000.00),(269,'054735','SAR',500.00,3600.00,1800000.00),(270,'054735','SAR',500.00,3650.00,1825000.00),(271,'054736','SAR',3000.00,3600.00,10800000.00),(272,'054736','SAR',5500.00,3650.00,20075000.00),(273,'054736','SAR',1500.00,3775.00,5662500.00),(274,'054738','GBP',600.00,17150.00,10290000.00),(275,'054740','SGD',500.00,9650.00,4825000.00),(276,'054741','SGD',260.00,9650.00,2509000.00),(277,'054741','THB',25000.00,397.00,9925000.00),(278,'054742','MYR',3000.00,3130.00,9390000.00),(279,'054743','SGD',31.00,9650.00,299150.00),(280,'054744','USD',100.00,13385.00,1338500.00),(281,'054744','SAR',1200.00,3650.00,4380000.00),(282,'054745','USD',300.00,13385.00,4015500.00),(283,'054745','SAR',500.00,3600.00,1800000.00),(284,'054745','SAR',500.00,3650.00,1825000.00),(285,'054746','MYR',1000.00,3135.00,3135000.00),(286,'054747','MYR',2500.00,3135.00,7837500.00),(287,'054748','MYR',478.00,3135.00,1498530.00),(288,'054737','USD',400.00,13335.00,5334000.00),(289,'054739','MYR',150.00,3130.00,469500.00),(290,'241804','SAR',1000.00,3500.00,3500000.00),(291,'241805','USD',100.00,13250.00,1325000.00),(292,'241806','USD',100.00,13250.00,1325000.00),(293,'241807','USD',600.00,13300.00,7980000.00),(294,'241808','USD',200.00,13250.00,2650000.00),(295,'241809','GBP',100.00,16850.00,1685000.00),(296,'241810','USD',300.00,13300.00,3990000.00),(297,'241811','USD',160.00,13200.00,2112000.00),(298,'241811','USD',14.00,13000.00,182000.00),(299,'241812','USD',1200.00,13300.00,15960000.00),(300,'241813','USD',500.00,13250.00,6625000.00),(301,'241814','MYR',50.00,3085.00,154250.00),(302,'241814','MYR',10.00,3035.00,30350.00),(303,'241815','USD',400.00,13250.00,5300000.00),(304,'241816','SAR',600.00,3550.00,2130000.00),(305,'241817','EURO',50.00,14775.00,738750.00),(306,'241818','MYR',500.00,3085.00,1542500.00),(307,'241818','MYR',25.00,3035.00,75875.00),(308,'241819','MYR',700.00,3085.00,2159500.00),(309,'241819','MYR',190.00,3035.00,576650.00),(310,'241821','MYR',950.00,3085.00,2930750.00),(311,'241821','MYR',70.00,3035.00,212450.00),(312,'241821','MYR',9.00,2685.00,24165.00),(313,'241822','SAR',1000.00,3500.00,3500000.00),(314,'241822','SAR',100.00,3550.00,355000.00),(315,'241823','SGD',100.00,9550.00,955000.00),(316,'241824','EURO',100.00,14775.00,1477500.00),(317,'241825','USD',45.00,13200.00,594000.00),(318,'241825','USD',8.00,13000.00,104000.00),(319,'241826','NT',4000.00,440.00,1760000.00),(320,'241827','SAR',1500.00,3500.00,5250000.00),(321,'241827','SAR',1800.00,3550.00,6390000.00),(322,'241828','SAR',250.00,3550.00,887500.00),(323,'241829','MYR',50.00,3085.00,154250.00),(324,'241829','MYR',25.00,3035.00,75875.00),(325,'241829','MYR',4.00,2685.00,10740.00),(326,'241829','PHP',50.00,265.00,13250.00),(327,'241829','PHP',20.00,240.00,4800.00),(328,'241829','RUPE',50.00,200.00,10000.00),(329,'241829','RUPE',10.00,175.00,1750.00),(330,'241830','SGD',100.00,9550.00,955000.00),(331,'241831','USD',1900.00,13300.00,25270000.00),(332,'241832','USD',400.00,13250.00,5300000.00),(333,'241832','USD',155.00,13200.00,2046000.00),(334,'241833','USD',9600.00,13300.00,127680000.00),(335,'241834','BND',200.00,9525.00,1905000.00),(336,'241834','BND',77.00,9475.00,729575.00),(337,'241835','SGD',300.00,9550.00,2865000.00),(338,'241835','MYR',250.00,3085.00,771250.00),(339,'241835','MYR',5.00,3035.00,15175.00),(340,'241835','MYR',1.00,2685.00,2685.00),(341,'241836','USD',100.00,13300.00,1330000.00),(342,'241837','USD',200.00,13250.00,2650000.00),(343,'241838','MYR',550.00,3085.00,1696750.00),(344,'241838','SGD',250.00,9550.00,2387500.00),(345,'241839','USD',1100.00,13300.00,14630000.00),(346,'241840','MYR',100.00,3085.00,308500.00),(347,'241840','MYR',65.00,3035.00,197275.00),(348,'241840','MYR',3.00,2685.00,8055.00),(349,'241841','MYR',150.00,3085.00,462750.00),(350,'241841','MYR',20.00,3035.00,60700.00),(351,'241842','USD',50.00,13200.00,660000.00),(352,'241843','MYR',1000.00,3085.00,3085000.00),(353,'241844','SAR',2700.00,3550.00,9585000.00),(355,'241846','MYR',1500.00,3085.00,4627500.00),(356,'241847','SGD',4000.00,9550.00,38200000.00),(357,'241848','USD',100.00,13250.00,1325000.00),(358,'241848','USD',10.00,13200.00,132000.00),(359,'241849','USD',5.00,13200.00,66000.00),(360,'241849','USD',5.00,13000.00,65000.00),(361,'241850','SAR',2000.00,3500.00,7000000.00),(362,'241850','SAR',400.00,3550.00,1420000.00),(363,'241851','MYR',1950.00,3085.00,6015750.00),(364,'241851','MYR',90.00,3035.00,273150.00),(365,'241851','MYR',4.00,2685.00,10740.00),(366,'241855','MYR',200.00,3085.00,617000.00),(367,'241855','SGD',20.00,9550.00,191000.00),(368,'054749','USD',15000.00,13375.00,200625000.00),(369,'241856','SAR',6760.00,3550.00,23998000.00),(370,'241857','MYR',300.00,3085.00,925500.00),(371,'241857','MYR',50.00,3035.00,151750.00),(372,'241858','USD',5000.00,13300.00,66500000.00),(373,'241859','SAR',150.00,3550.00,532500.00),(374,'241860','USD',2900.00,13300.00,38570000.00),(375,'054750','MYR',1000.00,3135.00,3135000.00),(376,'241861','USD',100.00,13250.00,1325000.00),(377,'241861','USD',60.00,13200.00,792000.00),(378,'241861','USD',2.00,13000.00,26000.00),(379,'241862','USD',100.00,13250.00,1325000.00),(380,'241863','SAR',1000.00,3500.00,3500000.00),(381,'241863','SAR',1100.00,3550.00,3905000.00),(382,'241864','SGD',15000.00,9550.00,143250000.00),(383,'241865','THB',50000.00,390.00,19500000.00),(384,'054751','THB',20000.00,397.00,7940000.00),(385,'054752','AUD',5000.00,10250.00,51250000.00),(386,'241852','SAR',500.00,3500.00,1750000.00),(387,'241852','SAR',450.00,3550.00,1597500.00),(388,'241853','USD',15.00,13200.00,198000.00),(389,'241853','USD',10.00,13000.00,130000.00),(390,'241854','SGD',22.00,9550.00,210100.00),(391,'241854','DIRH',35.00,3575.00,125125.00),(392,'241854','HKD',30.00,1695.00,50850.00),(393,'241854','PHP',500.00,265.00,132500.00),(394,'241854','PHP',20.00,240.00,4800.00),(395,'241854','SAR',100.00,3550.00,355000.00),(396,'054753','SGD',3000.00,9650.00,28950000.00),(397,'054753','MYR',7500.00,3130.00,23475000.00),(398,'054754','SGD',725.00,9650.00,6996250.00),(401,'054756','USD',200.00,13375.00,2675000.00),(402,'054757','SGD',7000.00,9650.00,67550000.00),(403,'054758','JPY',30000.00,121.50,3645000.00),(404,'054758','HKD',800.00,1725.00,1380000.00),(405,'054759','MYR',3200.00,3130.00,10016000.00),(406,'054759','USD',200.00,13375.00,2675000.00),(408,'054760','USD',50.00,13375.00,668750.00),(409,'054761','SGD',31.00,9650.00,299150.00),(410,'054755','SGD',800.00,9650.00,7720000.00),(411,'241820','USD',200.00,13300.00,2660000.00),(412,'241845','MYR',7500.00,3085.00,23137500.00),(413,'241866','USD',1000.00,13300.00,13300000.00),(414,'241867','USD',60.00,13200.00,792000.00),(415,'241867','USD',13.00,13000.00,169000.00),(416,'241868','HKD',3000.00,1695.00,5085000.00),(417,'241869','MYR',100.00,3085.00,308500.00),(418,'241870','SAR',2000.00,3500.00,7000000.00),(419,'241871','MYR',2000.00,3085.00,6170000.00),(420,'241872','MYR',600.00,3085.00,1851000.00),(421,'241872','MYR',20.00,3035.00,60700.00),(422,'241873','GBP',5.00,16850.00,84250.00),(423,'241873','SAR',713.00,3550.00,2531150.00),(424,'241874','SAR',500.00,3500.00,1750000.00),(425,'241875','USD',1000.00,13300.00,13300000.00),(426,'241876','MYR',2200.00,3085.00,6787000.00),(427,'241877','USD',500.00,13300.00,6650000.00),(428,'241878','USD',400.00,13300.00,5320000.00),(429,'241879','SGD',50.00,9550.00,477500.00),(430,'241880','USD',1100.00,13300.00,14630000.00),(431,'241881','USD',1500.00,13300.00,19950000.00),(432,'241882','USD',2100.00,13300.00,27930000.00),(433,'241883','USD',1700.00,13300.00,22610000.00),(434,'241884','USD',100.00,13250.00,1325000.00),(435,'241884','USD',30.00,13200.00,396000.00),(436,'241885','USD',2100.00,13300.00,27930000.00),(437,'241886','USD',35.00,13200.00,462000.00),(438,'241887','SAR',300.00,3550.00,1065000.00),(439,'241888','AUD',950.00,10075.00,9571250.00),(440,'241889','AUD',150.00,10075.00,1511250.00),(441,'241890','AUD',1350.00,10075.00,13601250.00),(442,'241891','USD',60.00,13200.00,792000.00),(443,'241891','USD',10.00,13000.00,130000.00),(444,'241892','MYR',1000.00,3085.00,3085000.00),(445,'241893','MYR',300.00,3085.00,925500.00),(446,'241893','MYR',25.00,3035.00,75875.00),(447,'241894','MYR',100.00,3085.00,308500.00),(448,'241895','USD',100.00,13300.00,1330000.00),(449,'241896','USD',200.00,13300.00,2660000.00),(450,'241897','USD',700.00,13250.00,9275000.00),(451,'241897','USD',170.00,13200.00,2244000.00),(452,'241898','AUD',30.00,10075.00,302250.00),(453,'241898','SAR',210.00,3550.00,745500.00),(454,'241899','MYR',1500.00,3085.00,4627500.00),(460,'241901','EURO',50.00,14775.00,738750.00),(461,'241902','USD',450.00,13250.00,5962500.00),(462,'241903','USD',150.00,13250.00,1987500.00),(463,'241904','AUD',40.00,10075.00,403000.00),(464,'241905','AUD',50.00,10075.00,503750.00),(465,'241906','MYR',200.00,3085.00,617000.00),(466,'241906','MYR',50.00,3035.00,151750.00),(467,'241907','USD',100.00,13250.00,1325000.00),(468,'241908','MYR',400.00,3080.00,1232000.00),(469,'241908','MYR',15.00,3030.00,45450.00),(470,'241908','MYR',5.00,2680.00,13400.00),(471,'241909','MYR',1400.00,3080.00,4312000.00),(472,'241909','MYR',50.00,3030.00,151500.00),(473,'241910','SAR',335.00,3550.00,1189250.00),(474,'241911','SAR',150.00,3550.00,532500.00),(475,'241912','MYR',5.00,3030.00,15150.00),(476,'241912','SAR',267.00,3550.00,947850.00),(477,'241913','SAR',420.00,3550.00,1491000.00),(478,'241913','RUPE',10000.00,200.00,2000000.00),(479,'241914','MYR',200.00,3080.00,616000.00),(480,'241915','USD',10000.00,13300.00,133000000.00),(481,'241934','SAR',500.00,3500.00,1750000.00),(482,'241934','SAR',3500.00,3550.00,12425000.00),(484,'241936','USD',50.00,13175.00,658750.00),(485,'241916','SAR',3000.00,3500.00,10500000.00),(486,'241916','SAR',1000.00,3550.00,3550000.00),(487,'241937','BND',4.00,9475.00,37900.00),(488,'241937','HKD',30.00,1695.00,50850.00),(489,'241937','MYR',1050.00,3080.00,3234000.00),(490,'241937','MYR',2.00,2680.00,5360.00),(491,'241937','SGD',1810.00,9550.00,17285500.00),(492,'241938','THB',3160.00,390.00,1232400.00),(493,'241938','YUAN',1105.00,1940.00,2143700.00),(494,'241939','USD',800.00,13275.00,10620000.00),(495,'241940','USD',500.00,13225.00,6612500.00),(496,'241940','USD',80.00,13175.00,1054000.00),(497,'241942','USD',3000.00,13275.00,39825000.00),(498,'241943','SGD',500.00,9550.00,4775000.00),(499,'241944','MYR',650.00,3080.00,2002000.00),(500,'241945','SGD',406.00,9550.00,3877300.00),(501,'241917','USD',45.00,13175.00,592875.00),(502,'241917','USD',3.00,12975.00,38925.00),(503,'241918','USD',150.00,13225.00,1983750.00),(504,'241918','USD',225.00,13175.00,2964375.00),(505,'241918','USD',19.00,12975.00,246525.00),(506,'241919','THB',100.00,390.00,39000.00),(507,'241919','YUAN',1105.00,1940.00,2143700.00),(508,'241920','MYR',1100.00,3080.00,3388000.00),(509,'241921','WON',510000.00,11.90,6069000.00),(510,'241922','USD',100.00,13125.00,1312500.00),(511,'241923','HKD',540.00,1695.00,915300.00),(512,'241948','SAR',500.00,3500.00,1750000.00),(513,'241948','SAR',155.00,3550.00,550250.00),(514,'241952','USD',800.00,13225.00,10580000.00),(515,'241924','USD',200.00,13225.00,2645000.00),(516,'241924','USD',50.00,13175.00,658750.00),(517,'241953','SAR',500.00,3500.00,1750000.00),(518,'241925','PHP',1500.00,265.00,397500.00),(519,'241954','MYR',6000.00,3080.00,18480000.00),(520,'241954','SGD',500.00,9550.00,4775000.00),(521,'241957','USD',1300.00,13275.00,17257500.00),(522,'241926','SAR',7900.00,3550.00,28045000.00),(523,'241926','WON',530000.00,11.90,6307000.00),(524,'241958','USD',800.00,13225.00,10580000.00),(525,'241959','NT',20000.00,440.00,8800000.00),(526,'241960','USD',100.00,13275.00,1327500.00),(527,'241961','USD',1400.00,13275.00,18585000.00),(528,'241962','USD',200.00,13225.00,2645000.00),(529,'241963','MYR',3900.00,3080.00,12012000.00),(530,'241964','MYR',500.00,3080.00,1540000.00),(531,'241927','MYR',500.00,3080.00,1540000.00),(532,'241927','MYR',2900.00,3030.00,8787000.00),(533,'241927','THB',20000.00,390.00,7800000.00),(534,'241965','MYR',2950.00,3080.00,9086000.00),(535,'241966','NT',3000.00,440.00,1320000.00),(536,'241966','THB',900.00,390.00,351000.00),(537,'241928','USD',700.00,13225.00,9257500.00),(538,'241928','USD',40.00,13175.00,527000.00),(539,'241967','USD',500.00,13275.00,6637500.00),(540,'241968','USD',300.00,13275.00,3982500.00),(541,'241969','USD',100.00,13275.00,1327500.00),(542,'241930','SAR',500.00,3400.00,1700000.00),(543,'241970','USD',2300.00,13275.00,30532500.00),(544,'241971','USD',50.00,13225.00,661250.00),(545,'241971','USD',25.00,13175.00,329375.00),(546,'241931','USD',10000.00,13300.00,133000000.00),(547,'241972','MYR',200.00,3080.00,616000.00),(552,'241974','AUD',5000.00,10050.00,50250000.00),(553,'241975','SGD',15000.00,9550.00,143250000.00),(554,'241976','THB',100000.00,390.00,39000000.00),(555,'241978','SAR',500.00,3500.00,1750000.00),(556,'241978','SAR',100.00,3550.00,355000.00),(557,'241932','DIRH',1540.00,3550.00,5467000.00),(558,'241979','SAR',400.00,3550.00,1420000.00),(559,'241980','USD',6900.00,13225.00,91252500.00),(560,'241933','JPY',30000.00,119.00,3570000.00),(561,'241933','SGD',100.00,9550.00,955000.00),(562,'241981','MYR',70.00,3030.00,212100.00),(563,'241981','SAR',4.00,3550.00,14200.00),(564,'241982','USD',100.00,13225.00,1322500.00),(565,'241982','USD',20.00,13175.00,263500.00),(566,'241982','USD',1.00,12975.00,12975.00),(567,'241983','PHP',1000.00,265.00,265000.00),(568,'241983','WON',5000.00,11.90,59500.00),(569,'241983','WON',10000.00,11.40,114000.00),(570,'054762','SGD',260.00,9650.00,2509000.00),(571,'054762','THB',6270.00,397.00,2489190.00),(572,'054763','MYR',160.00,3130.00,500800.00),(573,'054764','MYR',3800.00,3130.00,11894000.00),(574,'054765','USD',7500.00,13385.00,100387500.00),(575,'054766','MYR',3850.00,3130.00,12050500.00),(576,'054767','USD',1685.00,13375.00,22536875.00),(577,'054768','USD',1500.00,13375.00,20062500.00),(578,'054769','USD',800.00,13375.00,10700000.00),(579,'054770','HKD',1000.00,1725.00,1725000.00),(580,'054771','USD',500.00,13375.00,6687500.00),(583,'054773','SGD',8000.00,9635.00,77080000.00),(584,'054774','THB',10000.00,398.00,3980000.00),(585,'054774','THB',5000.00,398.00,1990000.00),(586,'054775','SGD',655.00,9650.00,6320750.00),(592,'054776','USD',2000.00,13350.00,26700000.00),(593,'054776','AUD',5000.00,10200.00,51000000.00),(594,'054776','SGD',1000.00,9650.00,9650000.00),(595,'054777','USD',4000.00,13360.00,53440000.00),(596,'054778','YUAN',2540.00,1970.00,5003800.00),(597,'054778','HKD',1740.00,1725.00,3001500.00),(598,'054778','SGD',206.00,9650.00,1987900.00),(599,'054779','SAR',2000.00,3650.00,7300000.00),(600,'054780','MYR',3000.00,3125.00,9375000.00),(601,'241941','USD',1000.00,13275.00,13275000.00),(602,'241946','USD',100.00,13225.00,1322500.00),(603,'241946','USD',80.00,13175.00,1054000.00),(604,'241947','SAR',500.00,3500.00,1750000.00),(605,'241949','MYR',5300.00,3080.00,16324000.00),(606,'241949','MYR',1330.00,3030.00,4029900.00),(607,'241950','MYR',2300.00,3080.00,7084000.00),(608,'241950','MYR',50.00,3030.00,151500.00),(609,'054781','USD',1950.00,13350.00,26032500.00),(610,'241951','MYR',7050.00,3080.00,21714000.00),(611,'241951','MYR',175.00,3030.00,530250.00),(612,'241955','EURO',5.00,14725.00,73625.00),(613,'241955','BND',10.00,9475.00,94750.00),(614,'241955','MYR',150.00,3080.00,462000.00),(615,'241955','MYR',25.00,3030.00,75750.00),(616,'241955','MYR',4.00,2680.00,10720.00),(617,'241955','SAR',76.00,3550.00,269800.00),(618,'241956','HKD',200.00,1695.00,339000.00),(619,'241956','PHP',100.00,265.00,26500.00),(620,'241956','PHP',20.00,240.00,4800.00),(621,'241956','SGD',10.00,9550.00,95500.00),(622,'241956','YUAN',50.00,1940.00,97000.00),(623,'054782','NT',10400.00,447.00,4648800.00),(624,'241977','MYR',1000.00,3080.00,3080000.00),(625,'054783','SGD',8000.00,9650.00,77200000.00),(626,'054784','USD',5000.00,13300.00,66500000.00),(627,'054785','MYR',1600.00,3125.00,5000000.00),(632,'054786','EURO',195.00,14950.00,2915250.00),(633,'054786','GBP',125.00,17100.00,2137500.00),(634,'241973','DKK',100.00,1900.00,190000.00),(635,'241973','NOK',700.00,1550.00,1085000.00),(636,'241973','SAR',10000.00,3550.00,35500000.00),(637,'241973','YUAN',1930.00,1940.00,3744200.00),(638,'054787','SAR',1500.00,3600.00,5400000.00),(639,'054787','SAR',200.00,3650.00,730000.00),(640,'054788','USD',2100.00,13350.00,28035000.00),(641,'054789','USD',10873.00,13350.00,145154550.00),(642,'054790','MYR',3200.00,3125.00,10000000.00),(643,'054791','USD',1400.00,13350.00,18690000.00),(644,'054792','CAD',200.00,10150.00,2030000.00),(645,'054792','USD',550.00,13350.00,7342500.00),(646,'054793','SAR',4000.00,3600.00,14400000.00),(647,'054793','SAR',1550.00,3650.00,5657500.00),(649,'054772','SGD',3600.00,9635.00,34686000.00),(650,'054772','THB',50000.00,398.00,19900000.00),(651,'241929','MYR',1000.00,3080.00,3080000.00),(652,'241900','BND',600.00,9525.00,5715000.00),(653,'241900','BND',30.00,9475.00,284250.00),(654,'241900','MYR',50.00,3085.00,154250.00),(655,'241900','MYR',20.00,3035.00,60700.00),(656,'241900','MYR',8.00,2685.00,21480.00),(657,'241935','EURO',500.00,14725.00,7362500.00),(658,'241984','USD',100.00,13250.00,1325000.00),(659,'241985','BND',10.00,9475.00,94750.00),(660,'241985','SGD',100.00,9550.00,955000.00),(661,'241986','MYR',200.00,3080.00,616000.00),(662,'241986','SGD',47.00,9550.00,448850.00),(663,'241987','SGD',350.00,9550.00,3342500.00),(664,'241988','USD',400.00,13250.00,5300000.00),(665,'241989','USD',1000.00,13250.00,13250000.00),(666,'241990','USD',1500.00,13250.00,19875000.00),(667,'241991','USD',500.00,13200.00,6600000.00),(668,'241992','SAR',3000.00,3500.00,10500000.00),(669,'241992','SAR',500.00,3550.00,1775000.00),(670,'241993','MYR',25000.00,3080.00,77000000.00),(671,'241994','SAR',1000.00,3500.00,3500000.00),(672,'241995','WON',50000.00,11.90,595000.00),(673,'241995','WON',1000.00,11.40,11400.00),(674,'241996','MYR',280.00,3015.00,844200.00),(675,'241996','MYR',13.00,2665.00,34645.00),(676,'241997','SGD',520.00,9550.00,4966000.00),(677,'241998','MYR',4900.00,3065.00,15018500.00),(678,'241998','MYR',100.00,3015.00,301500.00),(679,'241999','SGD',1104.00,9550.00,10543200.00),(681,'242000','USD',100.00,13250.00,1325000.00),(699,'242001','YUAN',200.00,1940.00,388000.00),(700,'242002','EURO',90.00,14725.00,1325250.00),(701,'242003','SAR',20000.00,3500.00,70000000.00),(702,'242004','USD',300.00,13250.00,3975000.00),(703,'242005','MYR',500.00,3065.00,1532500.00),(704,'242006','MYR',500.00,3085.00,1542500.00),(705,'242006','MYR',25.00,3035.00,75875.00),(706,'242006','MYR',1.00,2685.00,2685.00),(707,'242007','MYR',200.00,3065.00,613000.00),(708,'242007','MYR',30.00,3015.00,90450.00),(709,'242007','MYR',16.00,2665.00,42640.00),(710,'242008','USD',500.00,13250.00,6625000.00),(711,'242008','USD',30.00,13200.00,396000.00),(712,'242009','DIRH',10.00,3550.00,35500.00),(713,'242009','HKD',1200.00,1695.00,2034000.00),(714,'242009','NT',1000.00,430.00,430000.00),(715,'242009','SGD',616.00,9550.00,5882800.00),(716,'242010','USD',1500.00,13200.00,19800000.00),(717,'242011','MYR',300.00,3065.00,919500.00),(718,'242011','MYR',5.00,3015.00,15075.00),(719,'242011','MYR',5.00,2665.00,13325.00),(720,'242011','SAR',50.00,3550.00,177500.00),(721,'242011','SGD',14.00,9550.00,133700.00),(722,'242012','USD',300.00,13200.00,3960000.00),(723,'242013','MYR',435.00,3015.00,1311525.00),(724,'242013','MYR',195.00,2665.00,519675.00),(725,'242013','SGD',17.00,9550.00,162350.00),(726,'242013','WON',32000.00,11.40,364800.00),(728,'242014','USD',150.00,13150.00,1972500.00),(729,'242015','SAR',110.00,3525.00,387750.00),(730,'242015','MYR',100.00,3060.00,306000.00),(731,'242016','USD',100.00,13250.00,1325000.00),(732,'242017','EURO',1000.00,14600.00,14600000.00),(733,'242018','USD',1000.00,13250.00,13250000.00),(734,'242019','USD',200.00,13250.00,2650000.00),(735,'242020','SGD',220.00,9500.00,2090000.00),(736,'242021','EURO',20.00,14600.00,292000.00),(737,'242021','GBP',5.00,16550.00,82750.00),(738,'242021','HKD',20.00,1685.00,33700.00),(739,'242021','RUPE',100.00,195.00,19500.00),(740,'242022','SGD',500.00,9500.00,4750000.00),(741,'242023','SAR',300.00,3525.00,1057500.00),(742,'054794','MYR',600.00,3125.00,1875000.00),(743,'054795','USD',1000.00,13350.00,13350000.00),(744,'054795','AUD',1000.00,10200.00,10200000.00),(745,'054795','AUD',375.00,10200.00,3825000.00),(746,'054796','SAR',1100.00,3650.00,4015000.00),(747,'054797','USD',500.00,13350.00,6675000.00),(748,'054798','USD',30000.00,13325.00,399750000.00),(749,'054799','MYR',100.00,3110.00,311000.00),(750,'054799','MYR',400.00,3110.00,1244000.00),(751,'054800','USD',40000.00,13250.00,530000000.00),(752,'054801','YUAN',3300.00,1975.00,6517500.00),(753,'054802','AUD',1480.00,10150.00,15022000.00),(755,'054804','USD',80.00,13350.00,1068000.00),(756,'054805','MYR',3850.00,3110.00,11973500.00),(757,'054806','USD',600.00,13350.00,8010000.00),(758,'054806','MYR',300.00,3110.00,933000.00),(759,'054807','DIRH',400.00,3650.00,1460000.00),(760,'054808','RUPE',16500.00,205.00,3382500.00),(761,'054809','SGD',200.00,9650.00,1930000.00),(762,'054809','SGD',50.00,9650.00,482500.00),(763,'054809','MYR',6750.00,3110.00,20992500.00),(764,'054810','HKD',5800.00,1725.00,10005000.00),(765,'054810','YUAN',7600.00,1975.00,15010000.00),(766,'054811','JPY',422000.00,120.00,50640000.00),(767,'054812','AUD',1000.00,10150.00,10150000.00),(768,'054813','NT',23000.00,443.00,10189000.00),(769,'054814','EURO',1000.00,14900.00,14900000.00),(770,'054815','AUD',500.00,10150.00,5075000.00),(771,'054816','SGD',5000.00,9650.00,48250000.00),(772,'054803','JPY',40000.00,120.00,4800000.00),(773,'242024','EURO',50.00,14600.00,730000.00),(774,'242025','USD',200.00,13250.00,2650000.00),(775,'242026','SGD',500.00,9500.00,4750000.00),(776,'242027','SGD',1000.00,9500.00,9500000.00),(777,'242028','SGD',110.00,9500.00,1045000.00),(778,'242029','BND',1.00,9400.00,9400.00),(779,'242029','HKD',20.00,1685.00,33700.00),(780,'242029','NT',100.00,423.00,42300.00),(781,'242029','WON',45000.00,11.80,531000.00),(782,'242029','WON',7000.00,11.30,79100.00),(783,'242030','MYR',100.00,3060.00,306000.00),(784,'242030','MYR',95.00,3010.00,285950.00),(785,'242030','MYR',10.00,2660.00,26600.00),(786,'242030','YUAN',110.00,1925.00,211750.00),(787,'242031','USD',25.00,13150.00,328750.00),(788,'242032','MYR',40.00,3010.00,120400.00),(789,'242032','SGD',20.00,9500.00,190000.00),(790,'242033','USD',200.00,13200.00,2640000.00),(791,'242034','USD',100.00,13250.00,1325000.00),(792,'242035','USD',50.00,13200.00,660000.00),(793,'242035','USD',90.00,13150.00,1183500.00),(794,'242035','USD',8.00,12950.00,103600.00),(797,'242037','SAR',450.00,3525.00,1586250.00),(798,'242039','USD',300.00,13250.00,3975000.00),(799,'242038','MYR',1350.00,3060.00,4131000.00),(800,'242038','MYR',245.00,3010.00,737450.00),(801,'242038','MYR',6.00,2660.00,15960.00),(802,'242038','SAR',50.00,3525.00,176250.00),(803,'242040','SGD',250.00,9500.00,2375000.00),(804,'242041','SAR',3000.00,3500.00,10500000.00),(805,'242042','SAR',1000.00,3500.00,3500000.00),(806,'242042','SAR',1550.00,3525.00,5463750.00),(807,'242043','USD',300.00,13200.00,3960000.00),(808,'242043','USD',20.00,13150.00,263000.00),(809,'242043','USD',1.00,12950.00,12950.00),(810,'242044','SGD',10.00,9500.00,95000.00),(811,'242045','SAR',5000.00,3500.00,17500000.00),(812,'242046','BND',1.00,9400.00,9400.00),(813,'242046','MYR',735.00,3010.00,2212350.00),(814,'242046','MYR',40.00,2660.00,106400.00),(815,'242046','NT',2000.00,433.00,866000.00),(816,'242046','SAR',1500.00,3500.00,5250000.00),(817,'242046','SAR',819.00,3525.00,2886975.00),(818,'242047','MYR',200.00,3060.00,612000.00),(819,'242047','MYR',10.00,3010.00,30100.00),(820,'242047','MYR',11.00,2660.00,29260.00),(821,'242047','SAR',239.00,3525.00,842475.00),(822,'242048','AUD',10.00,9850.00,98500.00),(823,'242048','EURO',50.00,14450.00,722500.00),(824,'242048','GBP',75.00,16400.00,1230000.00),(825,'242048','NT',100.00,413.00,41300.00),(826,'242048','THB',40.00,375.00,15000.00),(827,'242049','MYR',100.00,3010.00,301000.00),(828,'242049','MYR',235.00,2960.00,695600.00),(829,'242049','MYR',7.00,2610.00,18270.00),(830,'242049','SGD',27.00,9450.00,255150.00),(831,'242050','WON',560000.00,11.30,6328000.00),(832,'242050','WON',1000.00,10.80,10800.00),(833,'242036','SAR',800.00,3525.00,2820000.00),(834,'242036','SAR',512.00,3525.00,1804800.00),(835,'242051','SAR',500.00,3500.00,1750000.00),(836,'242051','SAR',3550.00,3525.00,12513750.00),(837,'242052','MYR',255.00,3010.00,767550.00),(838,'242052','MYR',4.00,2660.00,10640.00),(839,'242052','SAR',500.00,3500.00,1750000.00),(840,'242052','SAR',468.00,3525.00,1649700.00),(841,'242053','SAR',827.00,3525.00,2915175.00),(842,'242054','USD',1400.00,13250.00,18550000.00),(843,'242055','USD',40.00,13150.00,526000.00),(844,'242056','USD',200.00,13250.00,2650000.00),(845,'242057','HKD',9060.00,1685.00,15266100.00),(846,'242057','MYR',400.00,3060.00,1224000.00),(847,'242057','SGD',600.00,9500.00,5700000.00),(848,'242058','SAR',500.00,3500.00,1750000.00),(849,'242058','SAR',750.00,3525.00,2643750.00),(850,'242059','USD',40.00,13150.00,526000.00),(851,'242059','USD',4.00,12950.00,51800.00),(852,'242060','SAR',500.00,3525.00,1762500.00),(853,'242061','SAR',4500.00,3525.00,15862500.00),(854,'242062','MYR',650.00,3060.00,1989000.00),(855,'242063','MYR',500.00,3060.00,1530000.00),(856,'242063','MYR',30.00,3010.00,90300.00),(857,'242064','USD',1200.00,13250.00,15900000.00),(858,'242065','USD',300.00,13200.00,3960000.00),(859,'242066','SAR',3000.00,3500.00,10500000.00),(860,'242067','SAR',1205.00,3525.00,4247625.00),(861,'242068','USD',300.00,13200.00,3960000.00),(862,'242069','USD',200.00,13250.00,2650000.00),(863,'242070','SAR',500.00,3500.00,1750000.00),(864,'242071','SAR',5500.00,3500.00,19250000.00),(865,'242071','SAR',6600.00,3525.00,23265000.00),(866,'242072','USD',500.00,13250.00,6625000.00),(868,'242074','SAR',400.00,3525.00,1410000.00),(869,'242075','SAR',4000.00,3500.00,14000000.00),(870,'242076','SAR',300.00,3525.00,1057500.00),(871,'242077','SAR',200.00,3525.00,705000.00),(874,'242079','HKD',10.00,1685.00,16850.00),(875,'242079','MYR',235.00,3010.00,707350.00),(876,'242079','MYR',15.00,2660.00,39900.00),(877,'242079','SAR',10.00,3525.00,35250.00),(878,'242073','DIRH',4000.00,3550.00,14200000.00),(879,'242078','SAR',1000.00,3500.00,3500000.00),(880,'242078','SAR',250.00,3525.00,881250.00),(881,'054817','SGD',100.00,9650.00,965000.00),(882,'054818','MYR',1655.00,3110.00,5147050.00),(883,'054819','MYR',2000.00,3110.00,6220000.00),(884,'054820','USD',250.00,13350.00,3337500.00),(885,'054821','THB',3000.00,398.00,1194000.00),(886,'054822','USD',10000.00,13350.00,133500000.00),(887,'054823','AUD',5000.00,10150.00,50750000.00),(888,'054823','THB',10000.00,398.00,3980000.00),(889,'054824','USD',200.00,13350.00,2670000.00),(890,'054825','EURO',555.00,14900.00,8269500.00),(891,'054825','MYR',1550.00,3110.00,4820500.00),(892,'054826','AUD',1000.00,10150.00,10150000.00),(893,'054827','SGD',200.00,9625.00,1925000.00),(894,'054827','MYR',3000.00,3110.00,9330000.00),(895,'054828','MYR',1286.00,3110.00,3999460.00),(896,'054828','SGD',260.00,9625.00,2502500.00),(900,'054830','SGD',400.00,9625.00,3850000.00),(901,'054830','SGD',100.00,9625.00,962500.00),(902,'054829','WON',583000.00,12.00,6996000.00),(903,'054829','USD',112.00,13350.00,1495200.00),(904,'054829','HKD',300.00,1725.00,517500.00),(905,'242080','SAR',100.00,3500.00,350000.00),(906,'242081','SAR',10000.00,3475.00,34750000.00),(907,'242081','SAR',19800.00,3500.00,69300000.00),(908,'242082','SAR',200.00,3400.00,680000.00),(909,'242083','SAR',500.00,3375.00,1687500.00),(910,'242084','SAR',200.00,3500.00,700000.00),(911,'242085','USD',245.00,13150.00,3221750.00),(912,'242086','USD',100.00,13200.00,1320000.00),(913,'242086','USD',10.00,13150.00,131500.00),(914,'242087','MYR',1400.00,3050.00,4270000.00),(915,'242087','MYR',50.00,3000.00,150000.00),(916,'242088','SAR',20500.00,3475.00,71237500.00),(917,'242088','SAR',582.00,3500.00,2037000.00),(918,'242089','SAR',500.00,3475.00,1737500.00),(919,'242089','SAR',500.00,3425.00,1712500.00),(920,'242090','SAR',300.00,3500.00,1050000.00),(921,'242091','MYR',550.00,3050.00,1677500.00),(922,'242092','SAR',1000.00,3475.00,3475000.00),(923,'242093','AUD',150.00,9900.00,1485000.00),(924,'242094','USD',100.00,13150.00,1315000.00),(925,'242095','USD',50.00,13150.00,657500.00),(926,'242096','SAR',2500.00,3475.00,8687500.00),(927,'242096','SAR',552.00,3500.00,1932000.00),(928,'242097','AUD',50.00,9900.00,495000.00),(929,'242098','SGD',150.00,9450.00,1417500.00),(930,'242099','SAR',500.00,3475.00,1737500.00),(931,'242100','SGD',50.00,9450.00,472500.00),(932,'242101','MYR',800.00,3050.00,2440000.00),(933,'242102','MYR',100.00,3050.00,305000.00),(934,'242102','SGD',5.00,9450.00,47250.00),(935,'242103','MYR',800.00,3050.00,2440000.00),(936,'242104','MYR',1000.00,3050.00,3050000.00),(937,'242105','SAR',2000.00,3500.00,7000000.00),(938,'242106','EURO',550.00,14550.00,8002500.00),(939,'242107','USD',100.00,13250.00,1325000.00),(940,'242108','MYR',980.00,3000.00,2940000.00),(941,'242109','EURO',50.00,14550.00,727500.00),(942,'242109','SGD',74.00,9450.00,699300.00),(943,'242110','SGD',40.00,9450.00,378000.00),(944,'242111','SAR',2500.00,3475.00,8687500.00),(945,'242112','SAR',3000.00,3475.00,10425000.00),(946,'242113','AUD',2000.00,9900.00,19800000.00),(947,'242114','AUD',200.00,9900.00,1980000.00),(948,'242115','SAR',4500.00,3475.00,15637500.00),(949,'242116','USD',700.00,13250.00,9275000.00),(950,'242117','AUD',5000.00,9900.00,49500000.00),(951,'242118','SGD',15000.00,9450.00,141750000.00),(952,'242119','YUAN',30000.00,1920.00,57600000.00),(953,'242120','SAR',2000.00,3500.00,7000000.00),(954,'242121','DIRH',20.00,3525.00,70500.00),(955,'242121','MYR',550.00,3050.00,1677500.00),(956,'242121','MYR',65.00,3000.00,195000.00),(957,'242121','MYR',9.00,2650.00,23850.00),(958,'242121','SGD',286.00,9450.00,2702700.00),(959,'242122','MYR',2500.00,3050.00,7625000.00),(960,'242124','AUD',360.00,9900.00,3564000.00),(961,'242125','AUD',20.00,9900.00,198000.00),(962,'242125','MYR',100.00,3050.00,305000.00),(963,'242125','MYR',10.00,3000.00,30000.00),(964,'242125','SAR',1.00,3500.00,3500.00),(965,'242123','AUD',200.00,9900.00,1980000.00),(966,'242126','USD',15.00,13150.00,197250.00),(967,'242126','USD',3.00,12950.00,38850.00),(968,'242127','SAR',500.00,3475.00,1737500.00),(969,'242128','USD',65.00,13150.00,854750.00),(970,'242129','PHP',2500.00,260.00,650000.00),(971,'242130','MYR',100.00,3050.00,305000.00),(972,'242130','SAR',500.00,3475.00,1737500.00),(973,'242130','SAR',405.00,3500.00,1417500.00),(974,'242131','SGD',100.00,9450.00,945000.00),(976,'054831','SGD',1300.00,9625.00,12512500.00),(977,'054832','USD',200.00,13350.00,2670000.00),(979,'054834','THB',6000.00,400.00,2400000.00),(980,'054835','SAR',1650.00,3625.00,5981250.00),(981,'054836','HKD',1500.00,1725.00,2587500.00),(982,'054837','SGD',2000.00,9625.00,19250000.00),(983,'054838','USD',4305.00,13350.00,57471750.00),(984,'054839','MYR',1500.00,3110.00,4665000.00),(985,'054840','DIRH',275.00,3625.00,996875.00),(986,'054841','YUAN',30600.00,1960.00,59976000.00),(987,'054842','HKD',38000.00,1725.00,65550000.00),(988,'054843','USD',3000.00,13350.00,40050000.00),(989,'054844','SGD',7500.00,9625.00,72187500.00),(990,'054845','SGD',5000.00,9625.00,48125000.00),(991,'054846','AUD',500.00,10125.00,5062500.00),(992,'054847','SGD',8800.00,9625.00,84700000.00),(993,'054833','SGD',2078.00,9625.00,20000750.00);
/*!40000 ALTER TABLE `nota` ENABLE KEYS */;
UNLOCK TABLES;

--
-- Table structure for table `saldoharian`
--

DROP TABLE IF EXISTS `saldoharian`;
/*!40101 SET @saved_cs_client     = @@character_set_client */;
/*!40101 SET character_set_client = utf8 */;
CREATE TABLE `saldoharian` (
  `id` int(11) NOT NULL AUTO_INCREMENT,
  `tgl` date NOT NULL,
  `saldo` decimal(16,2) NOT NULL,
  `titipan_awal` decimal(16,2) NOT NULL,
  PRIMARY KEY (`id`)
) ENGINE=InnoDB AUTO_INCREMENT=8 DEFAULT CHARSET=latin1;
/*!40101 SET character_set_client = @saved_cs_client */;

--
-- Dumping data for table `saldoharian`
--

LOCK TABLES `saldoharian` WRITE;
/*!40000 ALTER TABLE `saldoharian` DISABLE KEYS */;
INSERT INTO `saldoharian` VALUES (1,'2017-06-16',24235730.00,25873000000.00),(2,'2017-06-17',29515920.00,25505000000.00),(3,'2017-06-18',29515920.00,25505000000.00),(4,'2017-06-19',51763835.00,24937000000.00),(5,'2017-06-20',50171840.00,24491000000.00),(6,'2017-06-21',38570905.00,25263000000.00),(7,'2017-06-22',34244550.00,25219000000.00);
/*!40000 ALTER TABLE `saldoharian` ENABLE KEYS */;
UNLOCK TABLES;

--
-- Table structure for table `titipbon`
--

DROP TABLE IF EXISTS `titipbon`;
/*!40101 SET @saved_cs_client     = @@character_set_client */;
/*!40101 SET character_set_client = utf8 */;
CREATE TABLE `titipbon` (
  `id` int(11) NOT NULL AUTO_INCREMENT,
  `tgl` date NOT NULL,
  `titip` decimal(16,2) NOT NULL,
  `bon` decimal(16,2) NOT NULL,
  PRIMARY KEY (`id`),
  UNIQUE KEY `id` (`id`)
) ENGINE=InnoDB AUTO_INCREMENT=6 DEFAULT CHARSET=latin1;
/*!40101 SET character_set_client = @saved_cs_client */;

--
-- Dumping data for table `titipbon`
--

LOCK TABLES `titipbon` WRITE;
/*!40000 ALTER TABLE `titipbon` DISABLE KEYS */;
INSERT INTO `titipbon` VALUES (1,'2017-06-17',0.00,368000000.00),(2,'2017-06-19',0.00,568000000.00),(3,'2017-06-20',0.00,446000000.00),(4,'2017-06-21',772000000.00,0.00),(5,'2017-06-22',0.00,44000000.00);
/*!40000 ALTER TABLE `titipbon` ENABLE KEYS */;
UNLOCK TABLES;

--
-- Table structure for table `transaksi`
--

DROP TABLE IF EXISTS `transaksi`;
/*!40101 SET @saved_cs_client     = @@character_set_client */;
/*!40101 SET character_set_client = utf8 */;
CREATE TABLE `transaksi` (
  `nonota` varchar(10) NOT NULL,
  `tgl_transaksi` date NOT NULL,
  `ktp` varchar(25) NOT NULL,
  `total` decimal(16,2) NOT NULL,
  `status` int(1) NOT NULL,
  `karyawan` varchar(30) NOT NULL,
  `jenis` enum('B','J') NOT NULL,
  PRIMARY KEY (`nonota`),
  KEY `ktp` (`ktp`),
  KEY `karyawan` (`karyawan`),
  CONSTRAINT `transaksi_ibfk_2` FOREIGN KEY (`karyawan`) REFERENCES `karyawan` (`nama`) ON UPDATE CASCADE,
  CONSTRAINT `transaksi_ibfk_3` FOREIGN KEY (`ktp`) REFERENCES `customer` (`ktp`) ON UPDATE CASCADE
) ENGINE=InnoDB DEFAULT CHARSET=latin1;
/*!40101 SET character_set_client = @saved_cs_client */;

--
-- Dumping data for table `transaksi`
--

LOCK TABLES `transaksi` WRITE;
/*!40000 ALTER TABLE `transaksi` DISABLE KEYS */;
INSERT INTO `transaksi` VALUES ('054722','2017-06-17','3578121302510001',35705000.00,0,'ardiansyah','J'),('054723','2017-06-17','3578121302510001',1251250.00,0,'ardiansyah','J'),('054724','2017-06-17','600415140752',4897500.00,0,'ardiansyah','J'),('054725','2017-06-17','3578102305620001',800100.00,0,'ardiansyah','J'),('054726','2017-06-17','35781450054470001',1985000.00,0,'ardiansyah','J'),('054727','2017-06-17','3515161211540002',4015000.00,0,'ardiansyah','J'),('054728','2017-06-19','3578010101830011',5008000.00,0,'noorsemangat','J'),('054729','2017-06-19','3578121302519991',15197875.00,0,'noorsemangat','J'),('054730','2017-06-19','3578092006680004',4837500.00,0,'noorsemangat','J'),('054731','2017-06-19','351516420970002',9369500.00,0,'noorsemangat','J'),('054732','2017-06-19','3578164301690005',1095000.00,0,'noorsemangat','J'),('054733','2017-06-19','3513044212790004',16062000.00,0,'noorsemangat','J'),('054734','2017-06-19','3578050610610001',2730000.00,0,'noorsemangat','J'),('054735','2017-06-19','3578046812690001',3625000.00,0,'noorsemangat','J'),('054736','2017-06-19','054736054736',36537500.00,0,'noorsemangat','J'),('054737','2017-06-19','352407311270003',5334000.00,0,'noorsemangat','J'),('054738','2017-06-19','3578251506140001',10290000.00,0,'noorsemangat','J'),('054739','2017-06-19','054739054739',469500.00,0,'noorsemangat','J'),('054740','2017-06-19','86011500083',4825000.00,0,'noorsemangat','J'),('054741','2017-06-19','3578222709680001',12434000.00,0,'noorsemangat','J'),('054742','2017-06-19','920315320373',9390000.00,0,'noorsemangat','J'),('054743','2017-06-19','054743054743',299150.00,0,'noorsemangat','J'),('054744','2017-06-19','A 8526130',5718500.00,0,'noorsemangat','J'),('054745','2017-06-19','3524001706790006',7640500.00,0,'noorsemangat','J'),('054746','2017-06-19','3578171403830013',3135000.00,0,'noorsemangat','J'),('054747','2017-06-19','540815140911',7837500.00,0,'noorsemangat','J'),('054748','2017-06-19','3578101304650002',1498530.00,0,'noorsemangat','J'),('054749','2017-06-19','3515182702520003',200625000.00,0,'noorsemangat','J'),('054750','2017-06-19','3578011506920001',3135000.00,0,'noorsemangat','J'),('054751','2017-06-19','3578211401630001',7940000.00,0,'noorsemangat','J'),('054752','2017-06-19','3515066609790005',51250000.00,0,'noorsemangat','J'),('054753','2017-06-19','054753054753',52425000.00,0,'noorsemangat','J'),('054754','2017-06-19','3578155006730009',6996250.00,0,'noorsemangat','J'),('054755','2017-06-19','3515186207650005',7720000.00,0,'noorsemangat','J'),('054756','2017-06-19','3578135704360001',2675000.00,0,'noorsemangat','J'),('054757','2017-06-19','3578071206630002',67550000.00,0,'noorsemangat','J'),('054758','2017-06-19','054758054758',5025000.00,0,'noorsemangat','J'),('054759','2017-06-19','3576022010840008',12691000.00,0,'noorsemangat','J'),('054760','2017-06-19','3515182202730001',668750.00,0,'noorsemangat','J'),('054761','2017-06-19','3578131507780003',299150.00,0,'noorsemangat','J'),('054762','2017-06-20','3515182211580006',4998190.00,0,'noorsemangat','J'),('054763','2017-06-20','3578090803860001',500800.00,0,'noorsemangat','J'),('054764','2017-06-20','3578102701690006',11894000.00,0,'noorsemangat','J'),('054765','2017-06-20','810615540753',100387500.00,0,'noorsemangat','J'),('054766','2017-06-20','3578101501680005',12050500.00,0,'noorsemangat','J'),('054767','2017-06-20','790915140553',22536875.00,0,'noorsemangat','J'),('054768','2017-06-20','3578082910730003',20062500.00,0,'noorsemangat','J'),('054769','2017-06-20','3578121711630001',10700000.00,0,'noorsemangat','J'),('054770','2017-06-20','3578201808660004',1725000.00,0,'noorsemangat','J'),('054771','2017-06-20','3578210107770001',6687500.00,0,'noorsemangat','J'),('054772','2017-06-20','3578085012740003',54586000.00,0,'noorsemangat','J'),('054773','2017-06-20','3578023101670003',77080000.00,0,'noorsemangat','J'),('054774','2017-06-20','3172011108650005',5970000.00,0,'noorsemangat','J'),('054775','2017-06-20','3578045211650005',6320750.00,0,'noorsemangat','J'),('054776','2017-06-20','054776054776',87350000.00,0,'noorsemangat','J'),('054777','2017-06-20','054777054777',53440000.00,0,'noorsemangat','J'),('054778','2017-06-20','3519121811730001',9993200.00,0,'noorsemangat','J'),('054779','2017-06-20','1514161207583',7300000.00,0,'noorsemangat','J'),('054780','2017-06-20','3514145601740003',9375000.00,0,'noorsemangat','J'),('054781','2017-06-20','3514230602790001',26032500.00,0,'noorsemangat','J'),('054782','2017-06-20','357807240654',4648800.00,0,'noorsemangat','J'),('054783','2017-06-20','3519024101610005',77200000.00,0,'noorsemangat','J'),('054784','2017-06-20','80122924049',66500000.00,0,'noorsemangat','J'),('054785','2017-06-20','3578163006880063',5000000.00,0,'noorsemangat','J'),('054786','2017-06-20','351707121760001',5052750.00,0,'noorsemangat','J'),('054787','2017-06-20','3578162408920002',6130000.00,0,'noorsemangat','J'),('054788','2017-06-20','351707121760001',28035000.00,0,'noorsemangat','J'),('054789','2017-06-20','351707121760001',145154550.00,0,'noorsemangat','J'),('054790','2017-06-20','3578162408920002',10000000.00,0,'noorsemangat','J'),('054791','2017-06-20','790915140553',18690000.00,0,'noorsemangat','J'),('054792','2017-06-20','357812048810002',9372500.00,0,'noorsemangat','J'),('054793','2017-06-20','357809240993000',20057500.00,0,'noorsemangat','J'),('054794','2017-06-21','3578161506790003',1875000.00,0,'noorsemangat','J'),('054795','2017-06-21','3517022804720001',27375000.00,0,'noorsemangat','J'),('054796','2017-06-21','830715140704',4015000.00,0,'noorsemangat','J'),('054797','2017-06-21','054797054797',6675000.00,0,'noorsemangat','J'),('054798','2017-06-21','3578357103890008',399750000.00,0,'noorsemangat','J'),('054799','2017-06-21','3515181908550006',1555000.00,0,'noorsemangat','J'),('054800','2017-06-21','054800054800',530000000.00,0,'noorsemangat','J'),('054801','2017-06-21','3578132207720003',6517500.00,0,'noorsemangat','J'),('054802','2017-06-21','054802054802',15022000.00,0,'noorsemangat','J'),('054803','2017-06-21','3515130306730005',4800000.00,0,'noorsemangat','J'),('054804','2017-06-21','3578272506550002',1068000.00,0,'noorsemangat','J'),('054805','2017-06-21','660615143450',11973500.00,0,'noorsemangat','J'),('054806','2017-06-21','3578277105520001',8943000.00,0,'noorsemangat','J'),('054807','2017-06-21','970515140021',1460000.00,0,'noorsemangat','J'),('054808','2017-06-21','351509218710002',3382500.00,0,'noorsemangat','J'),('054809','2017-06-21','3578161309760006',23405000.00,0,'noorsemangat','J'),('054810','2017-06-21','054810054810',25015000.00,0,'noorsemangat','J'),('054811','2017-06-21','35072418051590001',50640000.00,0,'noorsemangat','J'),('054812','2017-06-21','3578290605660001',10150000.00,0,'noorsemangat','J'),('054813','2017-06-21','3578014701660004',10189000.00,0,'noorsemangat','J'),('054814','2017-06-21','840815620112',14900000.00,0,'noorsemangat','J'),('054815','2017-06-21','3578155506700002',5075000.00,0,'noorsemangat','J'),('054816','2017-06-21','3578265005670001',48250000.00,0,'noorsemangat','J'),('054817','2017-06-22','054817054817',965000.00,0,'noorsemangat','J'),('054818','2017-06-22','3275125107980002',5147050.00,0,'noorsemangat','J'),('054819','2017-06-22','3519024101610005',6220000.00,0,'noorsemangat','J'),('054820','2017-06-22','790985140553',3337500.00,0,'noorsemangat','J'),('054821','2017-06-22','3578102306860001',1194000.00,0,'noorsemangat','J'),('054822','2017-06-22','3577015101760002',133500000.00,0,'noorsemangat','J'),('054823','2017-06-22','3578053010810002',54730000.00,0,'noorsemangat','J'),('054824','2017-06-22','3578161301830004',2670000.00,0,'noorsemangat','J'),('054825','2017-06-22','351113107860002',13090000.00,0,'noorsemangat','J'),('054826','2017-06-22','3578262504760001',10150000.00,0,'noorsemangat','J'),('054827','2017-06-22','600715146480',11255000.00,0,'noorsemangat','J'),('054828','2017-06-22','3515151502630004',6501960.00,0,'noorsemangat','J'),('054829','2017-06-22','3578130309820001',9008700.00,0,'noorsemangat','J'),('054830','2017-06-22','3578133004780007',4812500.00,0,'noorsemangat','J'),('054831','2017-06-22','054831054831',12512500.00,0,'noorsemangat','J'),('054832','2017-06-22','3526143112730013',2670000.00,0,'noorsemangat','J'),('054833','2017-06-22','3515102201760001',20000750.00,0,'noorsemangat','J'),('054834','2017-06-22','3578071605920001',2400000.00,0,'noorsemangat','J'),('054835','2017-06-22','3578271002790003',5981250.00,0,'noorsemangat','J'),('054836','2017-06-22','357827104690003',2587500.00,0,'noorsemangat','J'),('054837','2017-06-22','3578095203480001',19250000.00,0,'noorsemangat','J'),('054838','2017-06-22','3578112311880004',57471750.00,0,'noorsemangat','J'),('054839','2017-06-22','690715142747',4665000.00,0,'noorsemangat','J'),('054840','2017-06-22','3578060305970003',996875.00,0,'noorsemangat','J'),('054841','2017-06-22','054841054841',59976000.00,0,'noorsemangat','J'),('054842','2017-06-22','3578266105810003',65550000.00,0,'noorsemangat','J'),('054843','2017-06-22','319032109750010',40050000.00,0,'noorsemangat','J'),('054844','2017-06-22','3578090403730003',72187500.00,0,'noorsemangat','J'),('054845','2017-06-22','3578100307850003',48125000.00,0,'noorsemangat','J'),('054846','2017-06-22','3524261009700001',5062500.00,0,'noorsemangat','J'),('054847','2017-06-22','3578094910920001',84700000.00,0,'noorsemangat','J'),('241653','2017-06-17','3524142706680001',4096655.00,0,'noorsemangat','B'),('241654','2017-06-17','3524142706680001',264000.00,0,'noorsemangat','B'),('241655','2017-06-17','351414020260003',3727200.00,0,'noorsemangat','B'),('241656','2017-06-17','3578121406680004',2660000.00,0,'ardiansyah','B'),('241657','2017-06-17','DY 1074641',9525000.00,0,'noorsemangat','B'),('241658','2017-06-17','3578231802550001',47750000.00,0,'noorsemangat','B'),('241659','2017-06-17','3522121810560001',786500.00,0,'noorsemangat','B'),('241660','2017-06-17','3522121810560001',4710350.00,0,'noorsemangat','B'),('241661','2017-06-17','C 0105121',12936000.00,0,'noorsemangat','B'),('241662','2017-06-17','3522120604860005',4325490.00,0,'noorsemangat','B'),('241663','2017-06-17','3578081808880003',1633950.00,0,'noorsemangat','B'),('241664','2017-06-17','C 0105121',13300000.00,0,'noorsemangat','B'),('241665','2017-06-17','1514170206363',2622250.00,0,'noorsemangat','B'),('241666','2017-06-17','357813050550001',10600000.00,0,'noorsemangat','B'),('241667','2017-06-17','241667241667',66500000.00,0,'noorsemangat','B'),('241668','2017-06-17','3515150509950001',1330000.00,0,'noorsemangat','B'),('241669','2017-06-17','3515150509950001',710000.00,0,'noorsemangat','B'),('241670','2017-06-17','3515136506940001',13300000.00,0,'noorsemangat','B'),('241671','2017-06-17','3578310410630001',6650000.00,0,'noorsemangat','B'),('241672','2017-06-17','660314140380',7287500.00,0,'noorsemangat','B'),('241673','2017-06-17','3527082303940002',15065000.00,0,'noorsemangat','B'),('241674','2017-06-17','3524020511890001',6650000.00,0,'noorsemangat','B'),('241675','2017-06-17','3578086706570002',13300000.00,0,'noorsemangat','B'),('241676','2017-06-17','3578126906810001',308500.00,0,'noorsemangat','B'),('241677','2017-06-17','3578126906810001',5011875.00,0,'noorsemangat','B'),('241678','2017-06-17','A 1591481',6478500.00,0,'noorsemangat','B'),('241679','2017-06-17','840415149527',1686250.00,0,'noorsemangat','B'),('241680','2017-06-17','3578120201940001',1750000.00,0,'noorsemangat','B'),('241681','2017-06-17','3578122808670001',1325000.00,0,'noorsemangat','B'),('241682','2017-06-17','3578160910540001',355000.00,0,'noorsemangat','B'),('241683','2017-06-17','3578176210740004',2640000.00,0,'noorsemangat','B'),('241684','2017-06-17','3578070802750002',1334760.00,0,'ardiansyah','B'),('241685','2017-06-17','3578070802750002',703600.00,0,'ardiansyah','B'),('241686','2017-06-17','3525180410870003',477500.00,0,'noorsemangat','B'),('241687','2017-06-17','3578052104750002',2159500.00,0,'ardiansyah','B'),('241688','2017-06-17','3578120807710001',972500.00,0,'ardiansyah','B'),('241689','2017-06-17','3578163006540201',771250.00,0,'ardiansyah','B'),('241690','2017-06-17','3578164707710004',1330000.00,0,'ardiansyah','B'),('241691','2017-06-17','3578125207770007',6650000.00,0,'ardiansyah','B'),('241692','2017-06-17','3525181702690001',808000.00,0,'ardiansyah','B'),('241693','2017-06-17','710615145659',1224000.00,0,'ardiansyah','B'),('241694','2017-06-17','3578100508950006',1647000.00,0,'ardiansyah','B'),('241695','2017-06-17','3524221905590001',3462255.00,0,'ardiansyah','B'),('241696','2017-06-17','3578151907480001',1695000.00,0,'ardiansyah','B'),('241697','2017-06-17','3578283006790031',35500000.00,0,'ardiansyah','B'),('241698','2017-06-17','3578101504570009',1750000.00,0,'ardiansyah','B'),('241699','2017-06-17','3578226607840002',10640000.00,0,'ardiansyah','B'),('241700','2017-06-17','3578226607840002',2650000.00,0,'ardiansyah','B'),('241701','2017-06-17','M01',3700000.00,0,'ardiansyah','B'),('241702','2017-06-17','3526116912700003',3500000.00,0,'ardiansyah','B'),('241703','2017-06-17','670315143151',4290000.00,0,'ardiansyah','B'),('241704','2017-06-17','3578131403750003',1775000.00,0,'ardiansyah','B'),('241705','2017-06-17','3578103006740004',5661800.00,0,'ardiansyah','B'),('241706','2017-06-17','M02',2470800.00,0,'ardiansyah','B'),('241707','2017-06-17','3578151311720001',19950000.00,0,'ardiansyah','B'),('241708','2017-06-17','3578124505720001',668500.00,0,'ardiansyah','B'),('241709','2017-06-17','3578162105810001',505775.00,0,'ardiansyah','B'),('241710','2017-06-17','3501125506660003',1315000.00,0,'ardiansyah','B'),('241711','2017-06-17','3501125506660003',1320000.00,0,'ardiansyah','B'),('241712','2017-06-17','3501125506660003',625250.00,0,'ardiansyah','B'),('241713','2017-06-17','3526122407800002',5250000.00,0,'ardiansyah','B'),('241714','2017-06-17','3578156010680004',1507500.00,0,'ardiansyah','B'),('241715','2017-06-17','3578173006580126',771250.00,0,'ardiansyah','B'),('241716','2017-06-17','3515071003540002',2776500.00,0,'ardiansyah','B'),('241717','2017-06-17','630515140420',12225900.00,0,'ardiansyah','B'),('241718','2017-06-19','3526100805890002',10500000.00,0,'ardiansyah','B'),('241719','2017-06-19','3527081210760003',1325000.00,0,'ardiansyah','B'),('241720','2017-06-19','Z 039050051',10050000.00,0,'ardiansyah','B'),('241721','2017-06-19','3578164210920001',2660000.00,0,'ardiansyah','B'),('241722','2017-06-19','3578176202660001',3975000.00,0,'ardiansyah','B'),('241723','2017-06-19','3578176202660001',7147750.00,0,'ardiansyah','B'),('241724','2017-06-19','3578064409800001',1330000.00,0,'ardiansyah','B'),('241725','2017-06-19','3507241612680003',498470.00,0,'ardiansyah','B'),('241726','2017-06-19','3515081605740009',5844600.00,0,'noorsemangat','B'),('241727','2017-06-19','3515130101770018',5244500.00,0,'noorsemangat','B'),('241728','2017-06-19','711215143220',5320000.00,0,'noorsemangat','B'),('241729','2017-06-19','711215143220',5300000.00,0,'noorsemangat','B'),('241730','2017-06-19','3578090803860004',3420500.00,0,'noorsemangat','B'),('241731','2017-06-19','357816180675000',2243600.00,0,'noorsemangat','B'),('241732','2017-06-19','651115140303',1330000.00,0,'noorsemangat','B'),('241733','2017-06-19','1256243006680092',13300000.00,0,'noorsemangat','B'),('241734','2017-06-19','1256243006680092',887500.00,0,'noorsemangat','B'),('241735','2017-06-19','3578160210690002',9310000.00,0,'noorsemangat','B'),('241736','2017-06-19','3578160210690002',1325000.00,0,'noorsemangat','B'),('241737','2017-06-19','3526010112750009',20945000.00,0,'noorsemangat','B'),('241738','2017-06-19','352604050482000',4076650.00,0,'noorsemangat','B'),('241739','2017-06-19','3314107112720003',2447000.00,0,'noorsemangat','B'),('241740','2017-06-19','3314107112720003',516750.00,0,'noorsemangat','B'),('241741','2017-06-19','3578123006330084',3844500.00,0,'noorsemangat','B'),('241742','2017-06-19','3527032809860003',6650000.00,0,'noorsemangat','B'),('241743','2017-06-19','3578086706570002',19950000.00,0,'noorsemangat','B'),('241744','2017-06-19','3578151704770002',925500.00,0,'noorsemangat','B'),('241745','2017-06-19','3578161101900003',1325000.00,0,'noorsemangat','B'),('241746','2017-06-19','3578282110730001',1325000.00,0,'noorsemangat','B'),('241747','2017-06-19','3578164803740002',1562000.00,0,'noorsemangat','B'),('241748','2017-06-19','3578122808670001',4637500.00,0,'noorsemangat','B'),('241749','2017-06-19','3578122808670001',84700.00,0,'noorsemangat','B'),('241750','2017-06-19','3578122808670001',907365.00,0,'noorsemangat','B'),('241751','2017-06-19','5108061111660008',710000.00,0,'noorsemangat','B'),('241752','2017-06-19','581215510148',1542500.00,0,'noorsemangat','B'),('241753','2017-06-19','3515185808690013',3085000.00,0,'noorsemangat','B'),('241754','2017-06-19','A 4896957',402235.00,0,'noorsemangat','B'),('241755','2017-06-19','841215143839',153620.00,0,'noorsemangat','B'),('241756','2017-06-19','A 0540219',10500000.00,0,'noorsemangat','B'),('241757','2017-06-19','601015140080',2313750.00,0,'noorsemangat','B'),('241758','2017-06-19','730115141332',9232650.00,0,'noorsemangat','B'),('241759','2017-06-19','3526032102900001',12815000.00,0,'noorsemangat','B'),('241760','2017-06-19','820315146979',66500000.00,0,'noorsemangat','B'),('241761','2017-06-19','3578160708660001',1597500.00,0,'noorsemangat','B'),('241762','2017-06-19','3578160708660001',1750000.00,0,'noorsemangat','B'),('241763','2017-06-19','3515182108820001',1325000.00,0,'noorsemangat','B'),('241764','2017-06-19','3515182108820001',489900.00,0,'noorsemangat','B'),('241765','2017-06-19','3529015601630001',3776970.00,0,'noorsemangat','B'),('241766','2017-06-19','3529015601630001',490875.00,0,'noorsemangat','B'),('241767','2017-06-19','3578063006560070',1584000.00,0,'noorsemangat','B'),('241768','2017-06-19','3578122808670001',1985000.00,0,'noorsemangat','B'),('241769','2017-06-19','3578081203910001',1932000.00,0,'noorsemangat','B'),('241770','2017-06-19','841215143839',1039400.00,0,'noorsemangat','B'),('241771','2017-06-19','800415500625',532500.00,0,'noorsemangat','B'),('241772','2017-06-19','3525180711880004',1016550.00,0,'noorsemangat','B'),('241773','2017-06-19','3578162910770001',1330000.00,0,'noorsemangat','B'),('241774','2017-06-19','770615141674',2660000.00,0,'noorsemangat','B'),('241775','2017-06-19','760918151348',3333750.00,0,'noorsemangat','B'),('241776','2017-06-19','3578055405900001',7068050.00,0,'noorsemangat','B'),('241777','2017-06-19','352702060189',617000.00,0,'noorsemangat','B'),('241778','2017-06-19','1514160609765',3085000.00,0,'noorsemangat','B'),('241779','2017-06-19','3526110701830003',1065000.00,0,'noorsemangat','B'),('241780','2017-06-19','3578160912740005',1261000.00,0,'noorsemangat','B'),('241781','2017-06-19','3510050503790002',14630000.00,0,'noorsemangat','B'),('241782','2017-06-19','357801060877003',2101000.00,0,'noorsemangat','B'),('241783','2017-06-19','3524126205690001',5025000.00,0,'noorsemangat','B'),('241784','2017-06-19','3524126205690001',8040000.00,0,'noorsemangat','B'),('241785','2017-06-19','720115140287',958500.00,0,'noorsemangat','B'),('241786','2017-06-19','3527052410920003',2003100.00,0,'noorsemangat','B'),('241787','2017-06-19','3527050107411059',1627750.00,0,'noorsemangat','B'),('241788','2017-06-19','3578123006680072',3990000.00,0,'noorsemangat','B'),('241789','2017-06-19','3578123006680072',264000.00,0,'noorsemangat','B'),('241790','2017-06-19','AP 847825',4010500.00,0,'noorsemangat','B'),('241791','2017-06-19','AP 847825',1065000.00,0,'noorsemangat','B'),('241792','2017-06-19','AP 847825',986375.00,0,'noorsemangat','B'),('241793','2017-06-19','AP 847825',2485000.00,0,'noorsemangat','B'),('241794','2017-06-19','AP 847825',915500.00,0,'noorsemangat','B'),('241795','2017-06-19','3527031808860009',40429525.00,0,'noorsemangat','B'),('241796','2017-06-19','3578160411980002',525250.00,0,'noorsemangat','B'),('241797','2017-06-19','3526040504820003',1079750.00,0,'noorsemangat','B'),('241798','2017-06-19','721015143160',33250000.00,0,'noorsemangat','B'),('241799','2017-06-19','721015143160',7950000.00,0,'noorsemangat','B'),('241800','2017-06-19','3525180711880004',1542500.00,0,'noorsemangat','B'),('241801','2017-06-19','800515145261',3393500.00,0,'noorsemangat','B'),('241802','2017-06-19','841215143839',2015520.00,0,'noorsemangat','B'),('241803','2017-06-19','841215143839',446000.00,0,'noorsemangat','B'),('241804','2017-06-19','3578120810960003',3500000.00,0,'noorsemangat','B'),('241805','2017-06-19','601215142021',1325000.00,0,'noorsemangat','B'),('241806','2017-06-19','601215142021',1325000.00,0,'noorsemangat','B'),('241807','2017-06-19','3578122406740002',7980000.00,0,'noorsemangat','B'),('241808','2017-06-19','3578122406740002',2650000.00,0,'noorsemangat','B'),('241809','2017-06-19','660215142123',1685000.00,0,'noorsemangat','B'),('241810','2017-06-19','3578123006680072',3990000.00,0,'noorsemangat','B'),('241811','2017-06-19','3578123006680072',2294000.00,0,'noorsemangat','B'),('241812','2017-06-19','3526125307860001',15960000.00,0,'noorsemangat','B'),('241813','2017-06-19','3526125307860001',6625000.00,0,'noorsemangat','B'),('241814','2017-06-19','3578131906460002',184600.00,0,'noorsemangat','B'),('241815','2017-06-19','3578122303880003',5300000.00,0,'noorsemangat','B'),('241816','2017-06-19','640415161167',2130000.00,0,'noorsemangat','B'),('241817','2017-06-19','740215530853',738750.00,0,'noorsemangat','B'),('241818','2017-06-19','35781606720005',1618375.00,0,'noorsemangat','B'),('241819','2017-06-19','3578155004740007',2736150.00,0,'noorsemangat','B'),('241820','2017-06-19','3578151209790001',2660000.00,0,'noorsemangat','B'),('241821','2017-06-19','3525164707810123',3167365.00,0,'noorsemangat','B'),('241822','2017-06-19','3578162906740005',3855000.00,0,'noorsemangat','B'),('241823','2017-06-19','3578092905870001',955000.00,0,'noorsemangat','B'),('241824','2017-06-19','3578126405600001',1477500.00,0,'noorsemangat','B'),('241825','2017-06-19','3578050105640003',698000.00,0,'noorsemangat','B'),('241826','2017-06-19','3578115001610002',1760000.00,0,'noorsemangat','B'),('241827','2017-06-19','3515080211560002',11640000.00,0,'noorsemangat','B'),('241828','2017-06-19','3515080211560002',887500.00,0,'noorsemangat','B'),('241829','2017-06-19','3578201606640001',270665.00,0,'noorsemangat','B'),('241830','2017-06-19','3578064401610004',955000.00,0,'noorsemangat','B'),('241831','2017-06-19','3578123006680072',25270000.00,0,'noorsemangat','B'),('241832','2017-06-19','3578123006680072',7346000.00,0,'noorsemangat','B'),('241833','2017-06-19','242833242833',127680000.00,0,'noorsemangat','B'),('241834','2017-06-19','3578160505780001',2634575.00,0,'noorsemangat','B'),('241835','2017-06-19','3374065412710009',3654110.00,0,'noorsemangat','B'),('241836','2017-06-19','3514101207760001',1330000.00,0,'noorsemangat','B'),('241837','2017-06-19','3514101207760001',2650000.00,0,'noorsemangat','B'),('241838','2017-06-19','3514101207760001',4084250.00,0,'noorsemangat','B'),('241839','2017-06-19','3578171412650002',14630000.00,0,'noorsemangat','B'),('241840','2017-06-19','870815143787',513830.00,0,'noorsemangat','B'),('241841','2017-06-19','3527050506700008',523450.00,0,'noorsemangat','B'),('241842','2017-06-19','3578156305780002',660000.00,0,'noorsemangat','B'),('241843','2017-06-19','3578163006690104',3085000.00,0,'noorsemangat','B'),('241844','2017-06-19','3276067007840011',9585000.00,0,'noorsemangat','B'),('241845','2017-06-19','A 7597160',23137500.00,0,'noorsemangat','B'),('241846','2017-06-19','3524266610920003',4627500.00,0,'noorsemangat','B'),('241847','2017-06-19','840322035751',38200000.00,0,'noorsemangat','B'),('241848','2017-06-19','352806230580006',1457000.00,0,'noorsemangat','B'),('241849','2017-06-19','352806230580006',131000.00,0,'noorsemangat','B'),('241850','2017-06-19','3527064107802867',8420000.00,0,'noorsemangat','B'),('241851','2017-06-19','3578175203910002',6299640.00,0,'noorsemangat','B'),('241852','2017-06-19','3578160201710003',3347500.00,0,'noorsemangat','B'),('241853','2017-06-19','3314107112720063',328000.00,0,'noorsemangat','B'),('241854','2017-06-19','3314107112720063',878375.00,0,'noorsemangat','B'),('241855','2017-06-19','3578141106870003',808000.00,0,'noorsemangat','B'),('241856','2017-06-19','3578131507780003',23998000.00,0,'noorsemangat','B'),('241857','2017-06-19','3578160307840003',1077250.00,0,'noorsemangat','B'),('241858','2017-06-19','241858241858',66500000.00,0,'noorsemangat','B'),('241859','2017-06-19','3578131507780003',532500.00,0,'noorsemangat','B'),('241860','2017-06-19','3578123006680072',38570000.00,0,'noorsemangat','B'),('241861','2017-06-19','3578123006680072',2143000.00,0,'noorsemangat','B'),('241862','2017-06-19','357806440980001',1325000.00,0,'noorsemangat','B'),('241863','2017-06-19','3526154307680002',7405000.00,0,'noorsemangat','B'),('241864','2017-06-19','241864241864',143250000.00,0,'noorsemangat','B'),('241865','2017-06-19','241865241865',19500000.00,0,'noorsemangat','B'),('241866','2017-06-20','3526011005730002',13300000.00,0,'noorsemangat','B'),('241867','2017-06-20','3515182211580006',961000.00,0,'noorsemangat','B'),('241868','2017-06-20','3578132802510001',5085000.00,0,'noorsemangat','B'),('241869','2017-06-20','3578286708690002',308500.00,0,'noorsemangat','B'),('241870','2017-06-20','600515141575',7000000.00,0,'noorsemangat','B'),('241871','2017-06-20','B433909i',6170000.00,0,'noorsemangat','B'),('241872','2017-06-20','3527080206940002',1911700.00,0,'noorsemangat','B'),('241873','2017-06-20','3526051209880004',2615400.00,0,'noorsemangat','B'),('241874','2017-06-20','3578133005510002',1750000.00,0,'noorsemangat','B'),('241875','2017-06-20','671215147073',13300000.00,0,'noorsemangat','B'),('241876','2017-06-20','35151821188000',6787000.00,0,'noorsemangat','B'),('241877','2017-06-20','3578310904920003',6650000.00,0,'noorsemangat','B'),('241878','2017-06-20','3524110109840002',5320000.00,0,'noorsemangat','B'),('241879','2017-06-20','750815532840',477500.00,0,'noorsemangat','B'),('241880','2017-06-20','810515141635',14630000.00,0,'noorsemangat','B'),('241881','2017-06-20','881115140489',19950000.00,0,'noorsemangat','B'),('241882','2017-06-20','3578170306860005',27930000.00,0,'noorsemangat','B'),('241883','2017-06-20','1214141710770001',22610000.00,0,'noorsemangat','B'),('241884','2017-06-20','1214141710770001',1721000.00,0,'noorsemangat','B'),('241885','2017-06-20','3578160902770001',27930000.00,0,'noorsemangat','B'),('241886','2017-06-20','3578160902770001',462000.00,0,'noorsemangat','B'),('241887','2017-06-20','3578166904910003',1065000.00,0,'noorsemangat','B'),('241888','2017-06-20','N 2183406',9571250.00,0,'noorsemangat','B'),('241889','2017-06-20','N 2183406',1511250.00,0,'noorsemangat','B'),('241890','2017-06-20','570815531358',13601250.00,0,'noorsemangat','B'),('241891','2017-06-20','3515024701610001',922000.00,0,'noorsemangat','B'),('241892','2017-06-20','3578080203730008',3085000.00,0,'noorsemangat','B'),('241893','2017-06-20','3578155709760002',1001375.00,0,'noorsemangat','B'),('241894','2017-06-20','3527061305832175',308500.00,0,'noorsemangat','B'),('241895','2017-06-20','3578111809700001',1330000.00,0,'noorsemangat','B'),('241896','2017-06-20','3578123006680072',2660000.00,0,'noorsemangat','B'),('241897','2017-06-20','3578123006680072',11519000.00,0,'noorsemangat','B'),('241898','2017-06-20','3578123006680072',1047750.00,0,'noorsemangat','B'),('241899','2017-06-20','B 03017971 DN',4627500.00,0,'noorsemangat','B'),('241900','2017-06-20','3578170107520002',6235680.00,0,'noorsemangat','B'),('241901','2017-06-20','3578172006810002',738750.00,0,'noorsemangat','B'),('241902','2017-06-20','3578163101950005',5962500.00,0,'noorsemangat','B'),('241903','2017-06-20','3578120504670002',1987500.00,0,'noorsemangat','B'),('241904','2017-06-20','3578120504670002',403000.00,0,'noorsemangat','B'),('241905','2017-06-20','3578172702880005',503750.00,0,'noorsemangat','B'),('241906','2017-06-20','3578155005850003',768750.00,0,'noorsemangat','B'),('241907','2017-06-20','3526133108830002',1325000.00,0,'noorsemangat','B'),('241908','2017-06-20','860815510281',1290850.00,0,'noorsemangat','B'),('241909','2017-06-20','3527024107830329',4463500.00,0,'noorsemangat','B'),('241910','2017-06-20','3578170509680003',1189250.00,0,'noorsemangat','B'),('241911','2017-06-20','3526184104970005',532500.00,0,'noorsemangat','B'),('241912','2017-06-20','3578160812810012',963000.00,0,'noorsemangat','B'),('241913','2017-06-20','3578123006680072',3491000.00,0,'noorsemangat','B'),('241914','2017-06-20','3518202103810001',616000.00,0,'noorsemangat','B'),('241915','2017-06-20','241915241915',133000000.00,0,'noorsemangat','B'),('241916','2017-06-20','3578132809780001',14050000.00,0,'noorsemangat','B'),('241917','2017-06-20','740615042762',631800.00,0,'noorsemangat','B'),('241918','2017-06-20','3527061011750005',5194650.00,0,'noorsemangat','B'),('241919','2017-06-20','3527061011750005',2182700.00,0,'noorsemangat','B'),('241920','2017-06-20','1514160905114',3388000.00,0,'noorsemangat','B'),('241921','2017-06-20','3578160212840004',6069000.00,0,'noorsemangat','B'),('241922','2017-06-20','3527061011750005',1312500.00,0,'noorsemangat','B'),('241923','2017-06-20','3578163101950005',915300.00,0,'noorsemangat','B'),('241924','2017-06-20','3314107112720063',3303750.00,0,'noorsemangat','B'),('241925','2017-06-20','3314107112720063',397500.00,0,'noorsemangat','B'),('241926','2017-06-20','3504032612760001',34352000.00,0,'noorsemangat','B'),('241927','2017-06-20','701215540834',18127000.00,0,'noorsemangat','B'),('241928','2017-06-20','3578066509890003',9784500.00,0,'noorsemangat','B'),('241929','2017-06-20','3578160106720005',3080000.00,0,'noorsemangat','B'),('241930','2017-06-20','Z 374200364',1700000.00,0,'noorsemangat','B'),('241931','2017-06-20','3524055404840005',133000000.00,0,'noorsemangat','B'),('241932','2017-06-20','6202644505720013',5467000.00,0,'noorsemangat','B'),('241933','2017-06-20','3507125103790001',4525000.00,0,'noorsemangat','B'),('241934','2017-06-20','241934241934',14175000.00,0,'noorsemangat','B'),('241935','2017-06-20','3578150709740005',7362500.00,0,'noorsemangat','B'),('241936','2017-06-20','3578150709740005',658750.00,0,'noorsemangat','B'),('241937','2017-06-20','3578260512850003',20613610.00,0,'noorsemangat','B'),('241938','2017-06-20','3578260512850003',3376100.00,0,'noorsemangat','B'),('241939','2017-06-20','3578260512850003',10620000.00,0,'noorsemangat','B'),('241940','2017-06-20','3578260512850003',7666500.00,0,'noorsemangat','B'),('241941','2017-06-20','3578121411760002',13275000.00,0,'noorsemangat','B'),('241942','2017-06-20','3526075209780002',39825000.00,0,'noorsemangat','B'),('241943','2017-06-20','3525175305670013',4775000.00,0,'noorsemangat','B'),('241944','2017-06-20','3526181309860003',2002000.00,0,'noorsemangat','B'),('241945','2017-06-20','3578044602940002',3877300.00,0,'noorsemangat','B'),('241946','2017-06-20','3578152507600002',2376500.00,0,'noorsemangat','B'),('241947','2017-06-20','3578267112540001',1750000.00,0,'noorsemangat','B'),('241948','2017-06-20','910815143730',2300250.00,0,'noorsemangat','B'),('241949','2017-06-20','840615510380',20353900.00,0,'noorsemangat','B'),('241950','2017-06-20','840615510380',7235500.00,0,'noorsemangat','B'),('241951','2017-06-20','840615510380',22244250.00,0,'noorsemangat','B'),('241952','2017-06-20','840415140594',10580000.00,0,'noorsemangat','B'),('241953','2017-06-20','891015143375',1750000.00,0,'noorsemangat','B'),('241954','2017-06-20','3525051112680004',23255000.00,0,'noorsemangat','B'),('241955','2017-06-20','841215143839',986645.00,0,'noorsemangat','B'),('241956','2017-06-20','3578122107820001',562800.00,0,'noorsemangat','B'),('241957','2017-06-20','3528082106660012',17257500.00,0,'noorsemangat','B'),('241958','2017-06-20','3528082106660012',10580000.00,0,'noorsemangat','B'),('241959','2017-06-20','3528082106660012',8800000.00,0,'noorsemangat','B'),('241960','2017-06-20','3578175211840002',1327500.00,0,'noorsemangat','B'),('241961','2017-06-20','3578062712810005',18585000.00,0,'noorsemangat','B'),('241962','2017-06-20','3578062712810005',2645000.00,0,'noorsemangat','B'),('241963','2017-06-20','3529230406921153',12012000.00,0,'noorsemangat','B'),('241964','2017-06-20','3527070307870001',1540000.00,0,'noorsemangat','B'),('241965','2017-06-20','3578245710820001',9086000.00,0,'noorsemangat','B'),('241966','2017-06-20','950815142257',1671000.00,0,'noorsemangat','B'),('241967','2017-06-20','3578126908680002',6637500.00,0,'noorsemangat','B'),('241968','2017-06-20','3578126908680002',3982500.00,0,'noorsemangat','B'),('241969','2017-06-20','3525160508660001',1327500.00,0,'noorsemangat','B'),('241970','2017-06-20','3526122705860001',30532500.00,0,'noorsemangat','B'),('241971','2017-06-20','870515260747',990625.00,0,'noorsemangat','B'),('241972','2017-06-20','3515131412680002',616000.00,0,'noorsemangat','B'),('241973','2017-06-20','M01',40519200.00,0,'noorsemangat','B'),('241974','2017-06-20','KR',50250000.00,0,'noorsemangat','B'),('241975','2017-06-20','KR',143250000.00,0,'noorsemangat','B'),('241976','2017-06-20','KR',39000000.00,0,'noorsemangat','B'),('241977','2017-06-20','A 1591481',3080000.00,0,'noorsemangat','B'),('241978','2017-06-20','3526090903790005',2105000.00,0,'noorsemangat','B'),('241979','2017-06-20','770615145944',1420000.00,0,'noorsemangat','B'),('241980','2017-06-20','3526090507790004',91252500.00,0,'noorsemangat','B'),('241981','2017-06-20','3578301205770010',226300.00,0,'noorsemangat','B'),('241982','2017-06-20','3578151805760003',1598975.00,0,'noorsemangat','B'),('241983','2017-06-20','3578151805760003',438500.00,0,'noorsemangat','B'),('241984','2017-06-21','3578225410170007',1325000.00,0,'noorsemangat','B'),('241985','2017-06-21','3578161306790003',1049750.00,0,'noorsemangat','B'),('241986','2017-06-21','3578161202820010',1064850.00,0,'noorsemangat','B'),('241987','2017-06-21','3529047112610007',3342500.00,0,'noorsemangat','B'),('241988','2017-06-21','3524110109840002',5300000.00,0,'noorsemangat','B'),('241989','2017-06-21','3578161705930003',13250000.00,0,'noorsemangat','B'),('241990','2017-06-21','3525141111560001',19875000.00,0,'noorsemangat','B'),('241991','2017-06-21','3525141111560001',6600000.00,0,'noorsemangat','B'),('241992','2017-06-21','351518040360006',12275000.00,0,'noorsemangat','B'),('241993','2017-06-21','691215361482',77000000.00,0,'noorsemangat','B'),('241994','2017-06-21','3578160803940002',3500000.00,0,'noorsemangat','B'),('241995','2017-06-21','B 7021886',606400.00,0,'noorsemangat','B'),('241996','2017-06-21','870815460106',878845.00,0,'noorsemangat','B'),('241997','2017-06-21','860715511162',4966000.00,0,'noorsemangat','B'),('241998','2017-06-21','3575022307820002',15320000.00,0,'noorsemangat','B'),('241999','2017-06-21','7308151434272',10543200.00,0,'noorsemangat','B'),('242000','2017-06-21','3578152802690002',1325000.00,0,'noorsemangat','B'),('242001','2017-06-21','3578152802690002',388000.00,0,'noorsemangat','B'),('242002','2017-06-21','3527050703830009',1325250.00,0,'noorsemangat','B'),('242003','2017-06-21','24200032420003',70000000.00,0,'noorsemangat','B'),('242004','2017-06-21','3578122303880003',3975000.00,0,'noorsemangat','B'),('242005','2017-06-21','1514160505291',1532500.00,0,'noorsemangat','B'),('242006','2017-06-21','P1',1621060.00,0,'noorsemangat','B'),('242007','2017-06-21','P1',746090.00,0,'noorsemangat','B'),('242008','2017-06-21','P1',7021000.00,0,'noorsemangat','B'),('242009','2017-06-21','P1',8382300.00,0,'noorsemangat','B'),('242010','2017-06-21','A 7654516',19800000.00,0,'noorsemangat','B'),('242011','2017-06-21','A 765416',1259100.00,0,'noorsemangat','B'),('242012','2017-06-21','3578152507600001',3960000.00,0,'noorsemangat','B'),('242013','2017-06-21','3578116103870003',2358350.00,0,'noorsemangat','B'),('242014','2017-06-21','660215142123',1972500.00,0,'noorsemangat','B'),('242015','2017-06-21','3578073006470001',693750.00,0,'noorsemangat','B'),('242016','2017-06-21','3578107001800007',1325000.00,0,'noorsemangat','B'),('242017','2017-06-21','3578172705630002',14600000.00,0,'noorsemangat','B'),('242018','2017-06-21','3578152805580002',13250000.00,0,'noorsemangat','B'),('242019','2017-06-21','3578107001800007',2650000.00,0,'noorsemangat','B'),('242020','2017-06-21','3578060810730002',2090000.00,0,'noorsemangat','B'),('242021','2017-06-21','3578080903690007',427950.00,0,'noorsemangat','B'),('242022','2017-06-21','3522161507690001',4750000.00,0,'noorsemangat','B'),('242023','2017-06-21','35761407660004',1057500.00,0,'noorsemangat','B'),('242024','2017-06-21','3578165803680003',730000.00,0,'noorsemangat','B'),('242025','2017-06-21','3578165212840003',2650000.00,0,'noorsemangat','B'),('242026','2017-06-21','3578160809920002',4750000.00,0,'noorsemangat','B'),('242027','2017-06-21','3578160809920002',9500000.00,0,'noorsemangat','B'),('242028','2017-06-21','3578160809920002',1045000.00,0,'noorsemangat','B'),('242029','2017-06-21','3515110405660006',695500.00,0,'noorsemangat','B'),('242030','2017-06-21','3515110405660006',830300.00,0,'noorsemangat','B'),('242031','2017-06-21','3515110405660006',328750.00,0,'noorsemangat','B'),('242032','2017-06-21','3515110405660006',310400.00,0,'noorsemangat','B'),('242033','2017-06-21','871215146501',2640000.00,0,'noorsemangat','B'),('242034','2017-06-21','3515182202730001',1325000.00,0,'noorsemangat','B'),('242035','2017-06-21','3515182202730001',1947100.00,0,'noorsemangat','B'),('242036','2017-06-21','3578154205690001',4624800.00,0,'noorsemangat','B'),('242037','2017-06-21','242037242037',1586250.00,0,'noorsemangat','B'),('242038','2017-06-21','3529015601630001',5060660.00,0,'noorsemangat','B'),('242039','2017-06-21','3578111809700001',3975000.00,0,'noorsemangat','B'),('242040','2017-06-21','3578160809920002',2375000.00,0,'noorsemangat','B'),('242041','2017-06-21','3526111610810002',10500000.00,0,'noorsemangat','B'),('242042','2017-06-21','3526111610810002',8963750.00,0,'noorsemangat','B'),('242043','2017-06-21','701015141394',4235950.00,0,'noorsemangat','B'),('242044','2017-06-21','1514170502955',95000.00,0,'noorsemangat','B'),('242045','2017-06-21','357817130760003',17500000.00,0,'noorsemangat','B'),('242046','2017-06-21','870815460106',11331125.00,0,'noorsemangat','B'),('242047','2017-06-21','670815142098',1513835.00,0,'noorsemangat','B'),('242048','2017-06-21','3515110405660006',2107300.00,0,'noorsemangat','B'),('242049','2017-06-21','3515110405660006',1270020.00,0,'noorsemangat','B'),('242050','2017-06-21','3515110405660006',6338800.00,0,'noorsemangat','B'),('242051','2017-06-22','B 7273437',14263750.00,0,'noorsemangat','B'),('242052','2017-06-22','B 7273437',4177890.00,0,'noorsemangat','B'),('242053','2017-06-22','B 7273437',2915175.00,0,'noorsemangat','B'),('242054','2017-06-22','3578122406740002',18550000.00,0,'noorsemangat','B'),('242055','2017-06-22','3578122406740002',526000.00,0,'noorsemangat','B'),('242056','2017-06-22','3578071112880001',2650000.00,0,'noorsemangat','B'),('242057','2017-06-22','3526155704690002',22190100.00,0,'noorsemangat','B'),('242058','2017-06-22','3578110111720001',4393750.00,0,'noorsemangat','B'),('242059','2017-06-22','3526155704690002',577800.00,0,'noorsemangat','B'),('242060','2017-06-22','3526126006790002',1762500.00,0,'noorsemangat','B'),('242061','2017-06-22','3528071001840003',15862500.00,0,'noorsemangat','B'),('242062','2017-06-22','3578173006580026',1989000.00,0,'noorsemangat','B'),('242063','2017-06-22','3578173006580026',1620300.00,0,'noorsemangat','B'),('242064','2017-06-22','3526122705860001',15900000.00,0,'noorsemangat','B'),('242065','2017-06-22','3526122705860001',3960000.00,0,'noorsemangat','B'),('242066','2017-06-22','3526044606810003',10500000.00,0,'noorsemangat','B'),('242067','2017-06-22','3526111011770001',4247625.00,0,'noorsemangat','B'),('242068','2017-06-22','3515100610800003',3960000.00,0,'noorsemangat','B'),('242069','2017-06-22','3515100610800003',2650000.00,0,'noorsemangat','B'),('242070','2017-06-22','670615144202',1750000.00,0,'noorsemangat','B'),('242071','2017-06-22','3510141706640007',42515000.00,0,'noorsemangat','B'),('242072','2017-06-22','3578310410630001',6625000.00,0,'noorsemangat','B'),('242073','2017-06-22','3578162312770002',14200000.00,0,'noorsemangat','B'),('242074','2017-06-22','3578161211620008',1410000.00,0,'noorsemangat','B'),('242075','2017-06-22','Z 238221721',14000000.00,0,'noorsemangat','B'),('242076','2017-06-22','3578161204860001',1057500.00,0,'noorsemangat','B'),('242077','2017-06-22','3578123006630084',705000.00,0,'noorsemangat','B'),('242078','2017-06-22','3578267112540001',4381250.00,0,'noorsemangat','B'),('242079','2017-06-22','3578282408810001',799350.00,0,'noorsemangat','B'),('242080','2017-06-22','3578121510710004',350000.00,0,'ardiansyah','B'),('242081','2017-06-22','3578121510710004',104050000.00,0,'ardiansyah','B'),('242082','2017-06-22','3578121510710004',680000.00,0,'ardiansyah','B'),('242083','2017-06-22','3578276810820005',1687500.00,0,'ardiansyah','B'),('242084','2017-06-22','3578276810820005',700000.00,0,'ardiansyah','B'),('242085','2017-06-22','6901151412728',3221750.00,0,'ardiansyah','B'),('242086','2017-06-22','3578130211920001',1451500.00,0,'ardiansyah','B'),('242087','2017-06-22','AS 119565',4420000.00,0,'ardiansyah','B'),('242088','2017-06-22','3515080706730006',73274500.00,0,'ardiansyah','B'),('242089','2017-06-22','3515080706730006',3450000.00,0,'ardiansyah','B'),('242090','2017-06-22','1514170500423',1050000.00,0,'noorsemangat','B'),('242091','2017-06-22','3515181011560007',1677500.00,0,'noorsemangat','B'),('242092','2017-06-22','3578155611920005',3475000.00,0,'noorsemangat','B'),('242093','2017-06-22','3578166201570001',1485000.00,0,'noorsemangat','B'),('242094','2017-06-22','3578135505670002',1315000.00,0,'noorsemangat','B'),('242095','2017-06-22','3578135505670002',657500.00,0,'noorsemangat','B'),('242096','2017-06-22','3578122111770001',10619500.00,0,'noorsemangat','B'),('242097','2017-06-22','357812050262000',495000.00,0,'noorsemangat','B'),('242098','2017-06-22','3578100210610006',1417500.00,0,'noorsemangat','B'),('242099','2017-06-22','3578160910540001',1737500.00,0,'noorsemangat','B'),('242100','2017-06-22','3578051504730007',472500.00,0,'noorsemangat','B'),('242101','2017-06-22','79071514522',2440000.00,0,'noorsemangat','B'),('242102','2017-06-22','3578132704880004',352250.00,0,'noorsemangat','B'),('242103','2017-06-22','710615145659',2440000.00,0,'noorsemangat','B'),('242104','2017-06-22','3578210211800002',3050000.00,0,'noorsemangat','B'),('242105','2017-06-22','3578060103830010',7000000.00,0,'noorsemangat','B'),('242106','2017-06-22','3578082410790002',8002500.00,0,'noorsemangat','B'),('242107','2017-06-22','5101041812800003',1325000.00,0,'noorsemangat','B'),('242108','2017-06-22','3578116103870003',2940000.00,0,'noorsemangat','B'),('242109','2017-06-22','3578115904820001',1426800.00,0,'noorsemangat','B'),('242110','2017-06-22','3578152409690001',378000.00,0,'noorsemangat','B'),('242111','2017-06-22','3578165610890001',8687500.00,0,'noorsemangat','B'),('242112','2017-06-22','W 062246',10425000.00,0,'noorsemangat','B'),('242113','2017-06-22','851015261088',19800000.00,0,'noorsemangat','B'),('242114','2017-06-22','3578164311660002',1980000.00,0,'noorsemangat','B'),('242115','2017-06-22','Z 238221721',15637500.00,0,'noorsemangat','B'),('242116','2017-06-22','3515180410860007',9275000.00,0,'noorsemangat','B'),('242117','2017-06-22','242117242117',49500000.00,0,'noorsemangat','B'),('242118','2017-06-22','242118242118',141750000.00,0,'noorsemangat','B'),('242119','2017-06-22','242119242119',57600000.00,0,'noorsemangat','B'),('242120','2017-06-22','3578165610890001',7000000.00,0,'noorsemangat','B'),('242121','2017-06-22','3578165610890001',4669550.00,0,'noorsemangat','B'),('242122','2017-06-22','680515481742',7625000.00,0,'noorsemangat','B'),('242123','2017-06-22','3578124203610001',1980000.00,0,'noorsemangat','B'),('242124','2017-06-22','901015280172',3564000.00,0,'noorsemangat','B'),('242125','2017-06-22','3578122107820001',536500.00,0,'noorsemangat','B'),('242126','2017-06-22','3578122107820001',236100.00,0,'noorsemangat','B'),('242127','2017-06-22','3578170308900002',1737500.00,0,'noorsemangat','B'),('242128','2017-06-22','910715510588',854750.00,0,'noorsemangat','B'),('242129','2017-06-22','910715510588',650000.00,0,'noorsemangat','B'),('242130','2017-06-22','3526115007880002',3460000.00,0,'noorsemangat','B'),('242131','2017-06-22','3578063103940002',945000.00,0,'noorsemangat','B');
/*!40000 ALTER TABLE `transaksi` ENABLE KEYS */;
UNLOCK TABLES;
/*!40103 SET TIME_ZONE=@OLD_TIME_ZONE */;

/*!40101 SET SQL_MODE=@OLD_SQL_MODE */;
/*!40014 SET FOREIGN_KEY_CHECKS=@OLD_FOREIGN_KEY_CHECKS */;
/*!40014 SET UNIQUE_CHECKS=@OLD_UNIQUE_CHECKS */;
/*!40101 SET CHARACTER_SET_CLIENT=@OLD_CHARACTER_SET_CLIENT */;
/*!40101 SET CHARACTER_SET_RESULTS=@OLD_CHARACTER_SET_RESULTS */;
/*!40101 SET COLLATION_CONNECTION=@OLD_COLLATION_CONNECTION */;
/*!40111 SET SQL_NOTES=@OLD_SQL_NOTES */;

-- Dump completed on 2017-06-22 17:33:05
